"","year","Title","year_group",".id","eigen","eigen_SD","strength","strength_SD","medianEdge","medianEdge_SD","side","sex","numYears","minYear","maxYear","yearSpan","minimumAge","ageClass","meanMinAge","deltaMinAge","yday","numYears2","degree","numSamplingPeriodsByYear","standardized_numSamplingPeriodsByYear"
"1",2002,"10",13,"nodal_traits_45bc1ead",0.255706107985276,0.151355523235289,1.18296091134148,0.431432986976942,NA,NA,"left","Male",2,1989,2011,23,16,"Adult",20.5,-4.5,236,1,0,1,-0.586352729855949
"2",2002,"102",13,"nodal_traits_45bc1ead",0.383456047640779,0.168528478412726,1.66632511326223,0.421301856204473,0.146437940409075,0.0703808096876056,"left","Male",8,1989,2019,31,16,"Adult",25.75,-9.75,217,6,5,2,0.709795409825623
"3",2002,"120",13,"nodal_traits_45bc1ead",0.322256692155934,0.169466995040175,1.65722206783627,0.485844066674695,0.213800989676897,0.0912020095222654,"left","Male",5,1989,2013,25,16,"Adult",20.8,-4.8,220,4,3,2,0.709795409825623
"4",2002,"1313",13,"nodal_traits_45bc1ead",0.274930678141766,0.157977636972282,1.26606503961515,0.353419294000124,0.154234149412701,0.152537315632865,"left","Female-Juvenile",3,1998,2011,14,7,"Adult",9.66666666666667,-2.66666666666667,234,2,1,1,-0.586352729855949
"5",2002,"1364",13,"nodal_traits_45bc1ead",0.293997273545336,0.148209535637928,1.37807041748021,0.39002993198602,0.125958569883758,0.0875579044792677,"left","Female-Juvenile",5,1997,2016,20,8,"Adult",14,-6,239,3,2,1,-0.586352729855949
"6",2002,"1676",13,"nodal_traits_45bc1ead",0.281796229342419,0.161589584232235,1.29633724504435,0.346192351699661,0.173461439204847,0.18667261835494,"left","Male",3,1999,2013,15,6,"Adult",9.33333333333333,-3.33333333333333,213,2,1,1,-0.586352729855949
"7",2002,"17",13,"nodal_traits_45bc1ead",0.250412319955362,0.134725607635493,1.1722669839751,0.366046642666505,NA,NA,"left","Female-Juvenile",2,1989,2002,14,16,"Adult",15.5,0.5,239,1,0,1,-0.586352729855949
"8",2002,"1917",13,"nodal_traits_45bc1ead",0.266585432000512,0.128936705423697,1.32403763074225,0.3670242865006,0.118780738994263,0.0699184145288739,"left","Female-Juvenile",1,2002,2002,1,3,"Adult",3,0,239,1,3,2,0.709795409825623
"9",2002,"1924",13,"nodal_traits_45bc1ead",0.285240133632296,0.167161029923355,1.35629779705939,0.446487113432144,0.207399052893955,0.200811208448037,"left","Male",1,2002,2002,1,3,"Adult",3,0,217,1,1,1,-0.586352729855949
"10",2002,"1929",13,"nodal_traits_45bc1ead",0.516447236511079,0.182243683755611,1.83547915075644,0.345259390046096,0.174596574483475,0.0569130328388624,"left","Female-Juvenile",2,2002,2011,10,3,"Adult",7.5,-4.5,226,1,6,4,3.30209168918877
"11",2002,"1930",13,"nodal_traits_45bc1ead",0.464841919343754,0.197797473430653,1.82461790374386,0.512542085204793,0.141051437521203,0.069772739657333,"left","Female-Juvenile",1,2002,2002,1,3,"Adult",3,0,231,1,7,2,0.709795409825623
"12",2002,"1966",13,"nodal_traits_45bc1ead",0.779990250371139,0.203933355588086,2.6702781046671,0.799921304680071,0.229268327287177,0.0887327672171147,"left","Male",1,2002,2002,1,3,"Adult",3,0,226,1,8,2,0.709795409825623
"13",2002,"1978",13,"nodal_traits_45bc1ead",0.759181181710987,0.191671464808726,2.69109804491109,0.804024028440165,0.202357283916052,0.0809777135681362,"left","Female-Juvenile",1,2002,2002,1,3,"Adult",3,0,226,1,9,2,0.709795409825623
"14",2002,"251",13,"nodal_traits_45bc1ead",0.875626938964489,0.143723608387477,2.9258537232934,0.708984707259426,0.197860456750316,0.062368562781118,"left","Female-Juvenile",2,1990,2003,14,15,"Adult",15.5,-0.5,231,1,11,2,0.709795409825623
"15",2002,"28",13,"nodal_traits_45bc1ead",0.29977369247682,0.155093890295879,1.52906500045656,0.426516434683435,0.206773257113837,0.108593574023651,"left","Male",4,1989,2013,25,14,"Adult",18.5,-4.5,213,3,3,2,0.709795409825623
"16",2002,"3",13,"nodal_traits_45bc1ead",0.27594827861507,0.155805855391935,1.28556854691716,0.42943898450945,0.152124095330962,0.149234834133298,"left","Male",3,1988,2003,16,17,"Adult",17,0,220,1,1,1,-0.586352729855949
"17",2002,"409",13,"nodal_traits_45bc1ead",0.249673951454333,0.128165889785606,1.13808637767744,0.334968626363515,NA,NA,"left","Female-Juvenile",6,1996,2023,28,9,"Adult",22.3333333333333,-13.3333333333333,234,6,0,1,-0.586352729855949
"18",2002,"45",13,"nodal_traits_45bc1ead",0.588749752483861,0.23434329544233,2.30755079863525,0.722799845251032,0.182002907143206,0.0861366969158512,"left","Male",7,1989,2016,28,16,"Adult",24,-8,231,6,8,1,-0.586352729855949
"19",2002,"649",13,"nodal_traits_45bc1ead",0.265343866061176,0.156344264829334,1.26251100329762,0.370737344174446,0.207399052893955,0.200811208448037,"left","Female-Juvenile",1,1996,2002,7,9,"Adult",9,0,226,1,1,1,-0.586352729855949
"20",2002,"677",13,"nodal_traits_45bc1ead",0.245337667015589,0.125150379756909,1.17383180064185,0.33621308462629,0.100869290992311,0.0757489425933584,"left","Female-Juvenile",2,1996,2002,7,9,"Adult",8.5,0.5,220,1,2,2,0.709795409825623
"21",2002,"76",13,"nodal_traits_45bc1ead",0.327740564485725,0.177660074864438,1.6039198054736,0.343176065687076,0.201070066966419,0.0893318837952646,"left","Male",3,1989,2011,23,16,"Adult",21.6666666666667,-5.66666666666667,239,3,3,2,0.709795409825623
"22",2002,"804",13,"nodal_traits_45bc1ead",0.247375821808558,0.128675195449643,1.1735641079022,0.30938396600984,NA,NA,"left","Male",1,1994,2002,9,11,"Adult",11,0,236,1,0,1,-0.586352729855949
"23",2002,"832",13,"nodal_traits_45bc1ead",0.297010582671085,0.146043106040057,1.49849333119458,0.380262428828966,0.155178869051246,0.0563095770703541,"left","Female-Juvenile",8,1994,2023,30,11,"Adult",22,-11,217,8,4,3,2.00594354950719
"24",2002,"92",13,"nodal_traits_45bc1ead",0.252220133354138,0.13515643807481,1.15736303147385,0.379240093828285,NA,NA,"left","Male",6,1990,2016,27,15,"Adult",20.6666666666667,-5.66666666666667,239,4,0,1,-0.586352729855949
"25",2002,"952",13,"nodal_traits_45bc1ead",0.254776735963944,0.157628246323552,1.17992082931201,0.396101109865029,0.157110027924756,0.17710362371251,"left","Female-Juvenile",3,1995,2007,13,10,"Adult",13,-3,220,2,1,2,0.709795409825623
"26",2006,"1147",15,"nodal_traits_e0ee7b82",0.534704251393504,0.244698138894896,1.62310690443235,0.445336462089561,0.215431918995866,0.079268202331869,"left","Female-Juvenile",3,1996,2015,20,13,"Adult",17.3333333333333,-4.33333333333333,213,3,5,2,0.542391797490958
"27",2006,"120",15,"nodal_traits_e0ee7b82",0.185328296130203,0.121121149694695,0.872916805826825,0.331625464039215,0.242249598116389,0.23191341310623,"left","Male",5,1989,2013,25,20,"Adult",20.8,-0.800000000000001,209,4,1,1,-0.723189063321277
"28",2006,"1458",15,"nodal_traits_e0ee7b82",0.164615642297026,0.10304117653229,0.694163622139012,0.285187789168117,NA,NA,"left","Male",6,1998,2016,19,11,"Adult",14.6666666666667,-3.66666666666667,215,5,0,1,-0.723189063321277
"29",2006,"1747",15,"nodal_traits_e0ee7b82",0.555202955002352,0.238447766471767,1.57720775591654,0.483269484564952,0.189750778148171,0.0772863164753067,"left","Female-Juvenile",2,2006,2007,2,3,"Adult",3.5,-0.5,211,1,6,4,3.07355351911543
"30",2006,"1757",15,"nodal_traits_e0ee7b82",0.62283338830906,0.238034305842544,1.72825838333371,0.429597527176465,0.369034892436132,0.12518268203259,"left","Female-Juvenile",6,2001,2016,16,8,"Adult",11.8333333333333,-3.83333333333333,211,5,3,2,0.542391797490958
"31",2006,"1779",15,"nodal_traits_e0ee7b82",0.530068191201874,0.261253797569618,1.64639556554502,0.462864451514548,0.345478464660403,0.138328167658302,"left","Male",4,2002,2011,10,7,"Adult",8.25,-1.25,206,3,3,2,0.542391797490958
"32",2006,"3009",15,"nodal_traits_e0ee7b82",0.56804359031555,0.276631105213366,1.70003498167748,0.488430737471255,0.387908587122736,0.154928127516771,"left","Male",5,2006,2016,11,3,"Adult",8.2,-5.2,206,5,3,3,1.80797265830319
"33",2006,"3012",15,"nodal_traits_e0ee7b82",0.515656238372072,0.251745635092217,1.68752309296184,0.472530188890963,0.354986918089493,0.137359728386634,"left","Male",7,2006,2017,12,3,"Adult",8.42857142857143,-5.42857142857143,206,5,3,2,0.542391797490958
"34",2006,"3055",15,"nodal_traits_e0ee7b82",0.20595756787447,0.141913524457165,0.813722913251341,0.34221596230309,NA,NA,"left","Female-Juvenile",1,2006,2006,1,3,"Adult",3,0,212,1,0,1,-0.723189063321277
"35",2006,"3065",15,"nodal_traits_e0ee7b82",0.1920049721347,0.108350848341945,0.810401661519138,0.329166669161327,NA,NA,"left","Female-Juvenile",1,2006,2006,1,3,"Adult",3,0,213,1,0,1,-0.723189063321277
"36",2006,"3086",15,"nodal_traits_e0ee7b82",0.531398260776596,0.278490614272477,1.86259954732816,0.582733872232331,0.258522508800075,0.108100773373477,"left","Female-Juvenile",4,2006,2021,16,3,"Adult",8,-5,215,3,5,2,0.542391797490958
"37",2006,"3087",15,"nodal_traits_e0ee7b82",0.591069137409929,0.273806380389099,1.83170286700254,0.441638921795691,0.306203200562933,0.100402844076076,"left","Female-Juvenile",1,2006,2006,1,3,"Adult",3,0,213,1,4,2,0.542391797490958
"38",2006,"3098",15,"nodal_traits_e0ee7b82",0.364370591073212,0.204054398832509,1.2297895675261,0.476101547370424,0.173981803141212,0.0988775698220004,"left","Male",3,2006,2013,8,3,"Adult",7,-4,215,3,3,1,-0.723189063321277
"39",2006,"531",15,"nodal_traits_e0ee7b82",0.17624752964371,0.109163113719928,0.776143580447322,0.340943615780557,NA,NA,"left","Female-Juvenile",3,1990,2015,26,19,"Adult",20.3333333333333,-1.33333333333333,215,2,0,1,-0.723189063321277
"40",2006,"558",15,"nodal_traits_e0ee7b82",0.175614468197502,0.0893971933598672,0.727899290619944,0.271866555053454,NA,NA,"left","Male",1,1990,2006,17,19,"Adult",19,0,206,1,0,1,-0.723189063321277
"41",2006,"824",15,"nodal_traits_e0ee7b82",0.191935107991071,0.12191241174191,0.916622726340717,0.36682256535266,0.242249598116389,0.23191341310623,"left","Male",4,1994,2006,13,15,"Adult",12,3,209,1,1,1,-0.723189063321277
"42",2006,"832",15,"nodal_traits_e0ee7b82",0.726705480653184,0.255823792444855,2.05267072551251,0.533892184829352,0.298056591244771,0.0994259457184135,"left","Female-Juvenile",8,1994,2023,30,15,"Adult",22,-7,213,8,5,2,0.542391797490958
"43",2006,"89",15,"nodal_traits_e0ee7b82",0.301694758679852,0.174652589203003,1.04769332004707,0.330418152662604,0.185485642173755,0.113361402416667,"left","Female-Juvenile",4,1989,2016,28,20,"Adult",24.75,-4.75,213,4,2,1,-0.723189063321277
"44",2006,"952",15,"nodal_traits_e0ee7b82",0.636045218563806,0.25812117065097,1.73781230656412,0.474850193187937,0.247981391032051,0.0884173358454673,"left","Female-Juvenile",3,1995,2007,13,14,"Adult",13,1,211,2,5,3,1.80797265830319
"45",2010,"1025",19,"nodal_traits_17385f47",0.09883664236825,0.0467922152029094,1.18732103788668,0.419808482202137,0.172079861276086,0.152640448504966,"left","Female-Juvenile",1,1996,2010,15,17,"Adult",17,0,239,1,1,1,-0.983632384045508
"46",2010,"1147",19,"nodal_traits_17385f47",0.203905112701918,0.102640127823231,1.80798411869191,0.4368328946547,0.337636976295436,0.0946969630378176,"left","Female-Juvenile",3,1996,2015,20,17,"Adult",17.3333333333333,-0.333333333333332,205,3,3,3,0.429473294442405
"47",2010,"120",19,"nodal_traits_17385f47",0.165842553365272,0.078054708864543,2.11922320879612,0.660487022516903,0.294868265599785,0.14150666155024,"left","Male",5,1989,2013,25,24,"Adult",20.8,3.2,240,4,4,1,-0.983632384045508
"48",2010,"1364",19,"nodal_traits_17385f47",0.872792822334802,0.140680088257588,4.05637873209779,0.555082608479882,0.477807166960839,0.0720001174856444,"left","Female-Juvenile",5,1997,2016,20,16,"Adult",14,2,240,3,7,3,0.429473294442405
"49",2010,"1458",19,"nodal_traits_17385f47",0.260068758645812,0.13010885374703,2.45550058445439,0.496312423884991,0.240221954873761,0.0579179486102186,"left","Male",6,1998,2016,19,15,"Adult",14.6666666666667,0.333333333333334,212,5,7,2,-0.277079544801552
"50",2010,"16",19,"nodal_traits_17385f47",0.16763010112276,0.081389636040163,2.32764940332041,0.580966080278869,0.269570007313881,0.0871785119137164,"left","Male",3,1990,2011,22,23,"Adult",20.6666666666667,2.33333333333333,237,2,6,2,-0.277079544801552
"51",2010,"1757",19,"nodal_traits_17385f47",0.222059921031669,0.10039871731559,2.5738954513773,0.644219669269879,0.262069098012915,0.0939476757596766,"left","Female-Juvenile",6,2001,2016,16,12,"Adult",11.8333333333333,0.166666666666666,239,5,7,2,-0.277079544801552
"52",2010,"1779",19,"nodal_traits_17385f47",0.0898185235466855,0.0488033216884807,0.967964320434696,0.353759894537751,NA,NA,"left","Male",4,2002,2011,10,11,"Adult",8.25,2.75,208,3,0,1,-0.983632384045508
"53",2010,"2028",19,"nodal_traits_17385f47",0.0798072450138793,0.0407904560461821,0.904180954394673,0.286676336701413,0.172079861276086,0.152640448504966,"left","Male",5,2002,2015,14,11,"Adult",11.2,-0.199999999999999,239,4,1,3,0.429473294442405
"54",2010,"2048",19,"nodal_traits_17385f47",0.0950558080767227,0.053511771041656,1.05095191953227,0.399896271971622,NA,NA,"left","Male",6,2002,2019,18,11,"Adult",13.1666666666667,-2.16666666666667,239,5,0,1,-0.983632384045508
"55",2010,"28",19,"nodal_traits_17385f47",0.119166133688678,0.0676937504916873,1.42028455639633,0.410521332713357,0.598878759008884,0.244958749998006,"left","Male",4,1989,2013,25,22,"Adult",18.5,3.5,240,3,1,2,-0.277079544801552
"56",2010,"3009",19,"nodal_traits_17385f47",0.151460891885382,0.0628871851493518,1.24333282206472,0.430615130343533,0.149236348512217,0.101031712139391,"left","Male",5,2006,2016,11,7,"Adult",8.2,-1.2,240,5,2,1,-0.983632384045508
"57",2010,"3012",19,"nodal_traits_17385f47",0.302789354212281,0.146563019581288,2.20631138953708,0.424435045441138,0.322629287888013,0.0712461862443949,"left","Male",7,2006,2017,12,7,"Adult",8.42857142857143,-1.42857142857143,237,5,5,4,1.13602613368636
"58",2010,"3086",19,"nodal_traits_17385f47",0.173162183342149,0.0815297687916515,1.64432887803636,0.51024411953048,0.263052896578853,0.120886478337852,"left","Female-Juvenile",4,2006,2021,16,7,"Adult",8,-1,240,3,3,2,-0.277079544801552
"59",2010,"4113",19,"nodal_traits_17385f47",0.120216219688804,0.0565686051134942,1.72466581439015,0.465380755850464,0.388592848785895,0.204954842289567,"left","Female-Juvenile",4,2007,2016,10,6,"Adult",8,-2,202,3,2,1,-0.983632384045508
"60",2010,"4114",19,"nodal_traits_17385f47",0.835000205045895,0.156878937460343,3.72252010821422,0.649624112699269,0.505448265684855,0.0908416153216758,"left","Female-Juvenile",3,2007,2011,5,6,"Adult",5.33333333333333,0.666666666666667,243,2,6,3,0.429473294442405
"61",2010,"4206",19,"nodal_traits_17385f47",0.842766505517403,0.153134404965124,3.84384302434152,0.547861734289314,0.442627379800873,0.0748330285623673,"left","Female-Juvenile",3,2008,2011,4,5,"Adult",4.66666666666667,0.333333333333333,240,2,7,3,0.429473294442405
"62",2010,"45",19,"nodal_traits_17385f47",0.106298903096503,0.0617154043825287,1.32193772910663,0.436348228495675,0.39977037599692,0.307799807263998,"left","Male",7,1989,2016,28,24,"Adult",24,0,202,6,1,1,-0.983632384045508
"63",2010,"4513",19,"nodal_traits_17385f47",0.202310823645987,0.0761580033195806,1.4991594279259,0.40616845240466,0.163218145482922,0.0703598642460582,"left","Female-Juvenile",8,2009,2023,15,4,"Adult",8.75,-4.75,240,6,4,2,-0.277079544801552
"64",2010,"4514",19,"nodal_traits_17385f47",0.189183658125156,0.0786786365939577,1.75583504989899,0.546064804292395,0.192490297877195,0.0933192646268543,"left","Female-Juvenile",3,2009,2011,3,4,"Adult",4,0,240,2,4,1,-0.983632384045508
"65",2010,"480",19,"nodal_traits_17385f47",0.147180507221912,0.0700609508766625,1.75777611578549,0.557197770619,0.247579964258419,0.121127312184241,"left","Male",6,1990,2013,24,23,"Adult",19.6666666666667,3.33333333333333,240,3,3,1,-0.983632384045508
"66",2010,"5003",19,"nodal_traits_17385f47",0.608224730053287,0.237059176920347,4.43331973777328,0.496643404073214,0.26430303253092,0.0293663784205507,"left","Male",7,2010,2023,14,3,"Adult",8.85714285714286,-5.85714285714286,205,6,15,6,2.54913181217427
"67",2010,"5009",19,"nodal_traits_17385f47",0.361552137192561,0.148158254943577,2.63941433727833,0.664517390168135,0.157944185552941,0.0423580611234671,"left","Female-Juvenile",3,2010,2013,4,3,"Adult",4.33333333333333,-1.33333333333333,205,3,13,3,0.429473294442405
"68",2010,"5019",19,"nodal_traits_17385f47",0.24761658104676,0.0935114895858086,1.81782881682182,0.489517956691749,0.183127208392409,0.0779076919863387,"left","Male",3,2010,2016,7,3,"Adult",5.33333333333333,-2.33333333333333,237,2,5,1,-0.983632384045508
"69",2010,"5028",19,"nodal_traits_17385f47",0.0900961373602627,0.0548863877722604,0.935111780070044,0.353039328491735,NA,NA,"left","Female-Juvenile",2,2010,2011,2,3,"Adult",3.5,-0.5,242,2,0,1,-0.983632384045508
"70",2010,"5029",19,"nodal_traits_17385f47",0.208222888405574,0.0895115715783752,1.96565392305273,0.382045386696199,0.313912681474288,0.0787749519576869,"left","Female-Juvenile",4,2010,2016,7,3,"Adult",6,-3,205,4,4,4,1.13602613368636
"71",2010,"5031",19,"nodal_traits_17385f47",0.571166724752573,0.251723371680466,4.14766985038499,0.575145529477048,0.306388256552316,0.04497330951256,"left","Male",2,2010,2011,2,3,"Adult",3.5,-0.5,205,2,12,6,2.54913181217427
"72",2010,"5032",19,"nodal_traits_17385f47",0.454195477726296,0.208279548620954,3.95038742745912,0.655624543002099,0.26154776031738,0.0484945693518643,"left","Female-Juvenile",2,2010,2011,2,3,"Adult",3.5,-0.5,212,2,13,4,1.13602613368636
"73",2010,"5036",19,"nodal_traits_17385f47",0.391911783771206,0.174784184229323,3.04412448809661,0.559115562129454,0.299008201757541,0.061486151959259,"left","Male",6,2010,2019,10,3,"Adult",7,-4,209,6,8,3,0.429473294442405
"74",2010,"5044",19,"nodal_traits_17385f47",0.258647836497963,0.130992619071821,2.50600788611962,0.520266982721968,0.275943424883415,0.0649675779477475,"left","Male",2,2010,2011,2,3,"Adult",3.5,-0.5,215,2,7,5,1.84257897293032
"75",2010,"5075",19,"nodal_traits_17385f47",0.424065754206342,0.211664432644292,2.98741777956612,0.652886421105063,0.282740118507524,0.0675962075374451,"left","Male",4,2010,2016,7,3,"Adult",6,-3,211,3,8,3,0.429473294442405
"76",2010,"5078",19,"nodal_traits_17385f47",0.58606114738639,0.125256471313524,3.21507037212359,0.636073847958366,0.279596010758544,0.0645979923178224,"left","Female-Juvenile",7,2010,2023,14,3,"Adult",9.71428571428571,-6.71428571428571,237,7,9,3,0.429473294442405
"77",2010,"5106",19,"nodal_traits_17385f47",0.740582609368172,0.166397677051129,3.80068811767338,0.772779191116961,0.335528579878773,0.0671114923004994,"left","Female-Juvenile",2,2010,2011,2,3,"Adult",3.5,-0.5,237,2,9,2,-0.277079544801552
"78",2010,"5112",19,"nodal_traits_17385f47",0.244522283026118,0.134863732693119,2.57027461678185,0.565246533149264,0.254823061263348,0.064102300756518,"left","Female-Juvenile",4,2010,2019,10,3,"Adult",7,-4,212,2,7,2,-0.277079544801552
"79",2010,"5113",19,"nodal_traits_17385f47",0.291437578829358,0.127598092537656,2.19715153085478,0.427563398675483,0.22594565063554,0.0494509512220275,"left","Female-Juvenile",2,2010,2011,2,3,"Adult",3.5,-0.5,211,1,7,4,1.13602613368636
"80",2010,"5137",19,"nodal_traits_17385f47",0.16934727317843,0.0868266957258824,1.82123163841323,0.550985317356224,0.223243073193208,0.100070247241559,"left","Male",2,2010,2011,2,3,"Adult",3.5,-0.5,239,1,4,1,-0.983632384045508
"81",2010,"5158",19,"nodal_traits_17385f47",0.398127664022118,0.182261942554466,2.95852043340076,0.565721467760618,0.310116475984533,0.0739235482711769,"left","Male",5,2010,2017,8,3,"Adult",6.8,-3.8,211,4,7,2,-0.277079544801552
"82",2010,"5161",19,"nodal_traits_17385f47",0.381318946718053,0.183450453374784,2.83810444005476,0.593697053007564,0.293576280736523,0.0733787646100758,"left","Male",2,2010,2011,2,3,"Adult",3.5,-0.5,211,2,7,2,-0.277079544801552
"83",2010,"5165",19,"nodal_traits_17385f47",0.145569736800425,0.0707645075604039,1.69112700081579,0.493294885414577,0.333685514281168,0.218065487446385,"left","Male",6,2010,2017,8,3,"Adult",6.66666666666667,-3.66666666666667,240,5,2,1,-0.983632384045508
"84",2010,"5184",19,"nodal_traits_17385f47",0.407225896272074,0.162076005777123,3.09659846963128,0.473036971370487,0.217665692251378,0.0370061543175967,"left","Female-Juvenile",2,2010,2011,2,3,"Adult",3.5,-0.5,228,1,12,6,2.54913181217427
"85",2010,"54",19,"nodal_traits_17385f47",0.105987290033138,0.0499008584426358,1.32794848451529,0.446463033623556,0.37741532157487,0.280433770448219,"left","Female-Juvenile",7,1989,2021,33,24,"Adult",29,-5,202,7,1,1,-0.983632384045508
"86",2010,"5919",19,"nodal_traits_17385f47",0.367653068287989,0.113629741615762,2.41772090512212,0.506408355504178,0.222783117657367,0.052110945857209,"left","Female-Juvenile",1,2010,2010,1,3,"Adult",3,0,209,1,8,4,1.13602613368636
"87",2010,"606",19,"nodal_traits_17385f47",0.310813982388545,0.14909501628685,3.43938369254168,0.591261157082689,0.220413114457305,0.0429915345473145,"left","Male",6,1997,2013,17,16,"Adult",12.6666666666667,3.33333333333333,212,2,13,4,1.13602613368636
"88",2010,"76",19,"nodal_traits_17385f47",0.262489755735391,0.129036716411616,2.95262162076786,0.566988402122258,0.245667321136306,0.0571561196956304,"left","Male",3,1989,2011,23,24,"Adult",21.6666666666667,2.33333333333333,212,3,9,2,-0.277079544801552
"89",2010,"832",19,"nodal_traits_17385f47",0.158368531898249,0.0746701540767431,1.68061871283138,0.393148455891744,0.274903353665164,0.112230360911096,"left","Female-Juvenile",8,1994,2023,30,19,"Adult",22,-3,239,8,3,2,-0.277079544801552
"90",2010,"89",19,"nodal_traits_17385f47",0.211211022236852,0.110033196498992,2.03051563309055,0.530867176546556,0.215644571021113,0.0709430863020361,"left","Female-Juvenile",4,1989,2016,28,24,"Adult",24.75,-0.75,212,4,6,2,-0.277079544801552
"91",2010,"961",19,"nodal_traits_17385f47",0.107319269231628,0.0551700685213916,1.36560453570701,0.486246167359963,0.397945493079775,0.309596218681614,"left","Female-Juvenile",6,1997,2023,27,16,"Adult",19.8333333333333,-3.83333333333333,205,5,1,1,-0.983632384045508
"92",2011,"102",20,"nodal_traits_4324b0e9",0.250564419335387,0.0667937687165698,3.32148709024283,0.466354994801048,0.335367903181099,0.0538765579309479,"left","Male",8,1989,2019,31,25,"Adult",25.75,-0.75,234,6,8,4,0.705818951783988
"93",2011,"1313",20,"nodal_traits_4324b0e9",0.0543626107798057,0.0320917461219319,0.983912834374582,0.404323490605999,NA,NA,"left","Female-Juvenile",3,1998,2011,14,16,"Adult",9.66666666666667,6.33333333333333,243,2,0,1,-1.05476315266596
"94",2011,"1336",20,"nodal_traits_4324b0e9",0.0863888662158111,0.0422262564158671,1.22469043951731,0.402403162585352,0.247083494538851,0.2262960804089,"left","Female-Juvenile",4,1994,2021,28,20,"Adult",22,-2,226,3,1,1,-1.05476315266596
"95",2011,"1458",20,"nodal_traits_4324b0e9",0.194711222616917,0.0596503836779318,3.1757606651131,0.490196922070579,0.28858373575168,0.0511562327489699,"left","Male",6,1998,2016,19,16,"Adult",14.6666666666667,1.33333333333333,234,5,9,5,1.2926796532673
"96",2011,"16",20,"nodal_traits_4324b0e9",0.162834684276615,0.050176075875314,2.75418852946815,0.56729700364305,0.294707592157114,0.0713943628968347,"left","Male",3,1990,2011,22,24,"Adult",20.6666666666667,3.33333333333333,205,2,7,4,0.705818951783988
"97",2011,"162",20,"nodal_traits_4324b0e9",0.0963019686536776,0.0356108957917315,1.76535584447779,0.468220673090044,0.170010850747802,0.0752598044125872,"left","Female-Juvenile",5,1989,2023,35,25,"Adult",31.4,-6.4,234,5,5,1,-1.05476315266596
"98",2011,"170",20,"nodal_traits_4324b0e9",0.492081296825901,0.126041776789282,3.57954036328012,0.706564135087905,0.340042287976662,0.0812749287400422,"left","Female-Juvenile",1,1997,2011,15,17,"Adult",17,0,226,1,8,2,-0.467902451182644
"99",2011,"1739",20,"nodal_traits_4324b0e9",0.133796718205387,0.04794024799806,1.58091401978738,0.392838011435572,0.148341983337986,0.0509497929504882,"left","Male",7,2001,2023,23,13,"Adult",15.7142857142857,-2.71428571428571,234,5,6,3,0.118958250300672
"100",2011,"1757",20,"nodal_traits_4324b0e9",0.0670112476122026,0.028307619876386,1.36290377574268,0.436931888354958,0.167143955453503,0.0987021331935373,"left","Female-Juvenile",6,2001,2016,16,13,"Adult",11.8333333333333,1.16666666666667,227,5,3,2,-0.467902451182644
"101",2011,"1779",20,"nodal_traits_4324b0e9",0.07626516282264,0.034144605545091,1.85571616893141,0.546786951704959,0.408566318343835,0.247565241906127,"left","Male",4,2002,2011,10,12,"Adult",8.25,3.75,243,3,2,1,-1.05476315266596
"102",2011,"1829",20,"nodal_traits_4324b0e9",0.389762528202729,0.10387513754742,2.74486518485993,0.563725100528092,0.270844857459246,0.0704343275808596,"left","Male",3,2002,2017,16,12,"Adult",11,1,236,1,7,2,-0.467902451182644
"103",2011,"2028",20,"nodal_traits_4324b0e9",0.796876145908711,0.109266977096787,5.63467315755399,0.630028802524557,0.320195452139924,0.0388619852896773,"left","Male",5,2002,2015,14,12,"Adult",11.2,0.800000000000001,243,4,16,6,1.87954035475062
"104",2011,"2048",20,"nodal_traits_4324b0e9",0.784630249280528,0.110643829059658,5.09905152872969,0.595471722946563,0.346772299417801,0.0420000924390668,"left","Male",6,2002,2019,18,12,"Adult",13.1666666666667,-1.16666666666667,236,5,13,4,0.705818951783988
"105",2011,"2102",20,"nodal_traits_4324b0e9",0.0705361799390092,0.0308318074822152,1.59790268668474,0.484401884708577,0.296480274731713,0.150477882346521,"left","Male",4,1999,2013,15,15,"Adult",11.25,3.75,243,2,2,1,-1.05476315266596
"106",2011,"293",20,"nodal_traits_4324b0e9",0.0631620475290269,0.0292201175220859,1.09519791313349,0.378717167724891,0.190739850470548,0.154296715503771,"left","Male",4,2001,2015,15,13,"Adult",9.25,3.75,226,2,1,2,-0.467902451182644
"107",2011,"3009",20,"nodal_traits_4324b0e9",0.252680282818762,0.069601103964651,1.82045724566811,0.389350277929292,0.375091572777814,0.104579292097748,"left","Male",5,2006,2016,11,8,"Adult",8.2,-0.199999999999999,243,5,3,6,1.87954035475062
"108",2011,"3012",20,"nodal_traits_4324b0e9",0.0928748570160027,0.0325345977401552,1.35364843867965,0.399094931969763,0.16740822148958,0.0786137814313562,"left","Male",7,2006,2017,12,8,"Adult",8.42857142857143,-0.428571428571429,210,5,3,2,-0.467902451182644
"109",2011,"3016",20,"nodal_traits_4324b0e9",0.442806573197714,0.0963470776353962,3.73197688922236,0.620286846339393,0.277320853369612,0.0515065989881032,"left","Female-Juvenile",2,2011,2013,3,3,"Adult",4,-1,226,2,11,3,0.118958250300672
"110",2011,"3098",20,"nodal_traits_4324b0e9",0.0859085602099765,0.0361271571225494,1.90094512061871,0.604303912857095,0.310775786140651,0.154694102015329,"left","Male",3,2006,2013,8,8,"Adult",7,1,243,3,3,1,-1.05476315266596
"111",2011,"409",20,"nodal_traits_4324b0e9",0.10340476531888,0.0464440580802826,1.54846053437408,0.478865609642071,0.124294238252931,0.0526027564434643,"left","Female-Juvenile",6,1996,2023,28,18,"Adult",22.3333333333333,-4.33333333333333,230,6,6,2,-0.467902451182644
"112",2011,"4114",20,"nodal_traits_4324b0e9",0.342330957119425,0.0784520782991376,3.17368888422507,0.455298170630565,0.349152777041318,0.05126214328748,"left","Female-Juvenile",3,2007,2011,5,7,"Adult",5.33333333333333,1.66666666666667,226,2,7,4,0.705818951783988
"113",2011,"4206",20,"nodal_traits_4324b0e9",0.0540305269547798,0.0191881095513243,1.32961137712444,0.322551661917801,0.162872765391328,0.0653127058388797,"left","Female-Juvenile",3,2008,2011,4,6,"Adult",4.66666666666667,1.33333333333333,233,2,4,4,0.705818951783988
"114",2011,"45",20,"nodal_traits_4324b0e9",0.0652903988133862,0.0297711954614682,1.59040838175624,0.511210323158361,0.30895574440535,0.185427774701492,"left","Male",7,1989,2016,28,25,"Adult",24,1,243,6,2,1,-1.05476315266596
"115",2011,"4513",20,"nodal_traits_4324b0e9",0.0645889420265195,0.0279212567331694,1.18098593144767,0.3991254323709,0.112635319944584,0.0685733164811336,"left","Female-Juvenile",8,2009,2023,15,5,"Adult",8.75,-3.75,230,6,3,2,-0.467902451182644
"116",2011,"4514",20,"nodal_traits_4324b0e9",0.224396249055017,0.0560035161945059,3.6817505106889,0.568076458506327,0.329226796249342,0.0552407641036653,"left","Female-Juvenile",3,2009,2011,3,5,"Adult",4,1,234,2,9,4,0.705818951783988
"117",2011,"480",20,"nodal_traits_4324b0e9",0.149844854612211,0.043153969405095,2.71468029166755,0.468133872776588,0.255292038889403,0.0502263082598604,"left","Male",6,1990,2013,24,24,"Adult",19.6666666666667,4.33333333333333,227,3,8,4,0.705818951783988
"118",2011,"5001",20,"nodal_traits_4324b0e9",0.0534690743726146,0.0252850332120294,1.26360424193176,0.494332997018819,0.324146553122413,0.291888887021076,"left","Male",3,2011,2016,6,3,"Adult",6,-3,179,3,1,1,-1.05476315266596
"119",2011,"5002",20,"nodal_traits_4324b0e9",0.0540888846715294,0.0211063103369213,1.41702844162262,0.345716211195181,0.233866098857891,0.0832102538456468,"left","Female-Juvenile",3,2011,2016,6,3,"Adult",6,-3,210,2,3,3,0.118958250300672
"120",2011,"5003",20,"nodal_traits_4324b0e9",0.732470213067804,0.117934868775071,5.18663843812681,0.71447326800458,0.243881957515589,0.0336630545215456,"left","Male",7,2010,2023,14,4,"Adult",8.85714285714286,-4.85714285714286,179,6,19,5,1.2926796532673
"121",2011,"5007",20,"nodal_traits_4324b0e9",0.0543030119177898,0.021831797508337,1.3425154931499,0.4472548645745,0.369633347057743,0.273771546712609,"left","Female-Juvenile",1,2011,2011,1,3,"Adult",3,0,198,1,1,1,-1.05476315266596
"122",2011,"5009",20,"nodal_traits_4324b0e9",0.066761446554515,0.0290078811059208,1.6225627516211,0.394933288547231,0.153772869940453,0.0539392648748077,"left","Female-Juvenile",3,2010,2013,4,4,"Adult",4.33333333333333,-0.333333333333333,205,3,6,3,0.118958250300672
"123",2011,"5011",20,"nodal_traits_4324b0e9",0.0759545086388873,0.0342628070792442,1.37146159145605,0.477061328788902,0.218553020791268,0.155199008186989,"left","Female-Juvenile",1,2011,2011,1,3,"Adult",3,0,179,1,2,1,-1.05476315266596
"124",2011,"5018",20,"nodal_traits_4324b0e9",0.260182283924632,0.0675110984967242,3.03231635235485,0.469826622635902,0.3144388077653,0.0552274645369251,"left","Male",4,2011,2019,9,3,"Adult",7.25,-4.25,226,4,8,8,3.05326175771725
"125",2011,"5019",20,"nodal_traits_4324b0e9",0.292215942031004,0.0832584676567593,2.75560420850412,0.525091762826492,0.262830801437129,0.0564228969997431,"left","Male",3,2010,2016,7,4,"Adult",5.33333333333333,-1.33333333333333,226,2,8,5,1.2926796532673
"126",2011,"5027",20,"nodal_traits_4324b0e9",0.245889150742038,0.0605777097035966,2.53517873629363,0.426996433325272,0.37458798438643,0.0732094097740823,"left","Female-Juvenile",2,2011,2013,3,3,"Adult",4,-1,243,2,5,5,1.2926796532673
"127",2011,"5028",20,"nodal_traits_4324b0e9",0.389635378319902,0.102408786304956,4.08426937049371,0.687591212547346,0.349726078106136,0.0617405838336953,"left","Female-Juvenile",2,2010,2011,2,4,"Adult",3.5,0.5,230,2,10,5,1.2926796532673
"128",2011,"5029",20,"nodal_traits_4324b0e9",0.178666414423747,0.0483503278327981,2.16920742962258,0.345481264471666,0.30669441885115,0.0614412191168102,"left","Female-Juvenile",4,2010,2016,7,4,"Adult",6,-2,227,4,5,5,1.2926796532673
"129",2011,"5031",20,"nodal_traits_4324b0e9",0.831105151894573,0.107334095252088,6.20765394262273,0.630628633662124,0.287623650427564,0.0308196598861343,"left","Male",2,2010,2011,2,4,"Adult",3.5,0.5,243,2,20,7,2.46640105623393
"130",2011,"5032",20,"nodal_traits_4324b0e9",0.0632491287545443,0.0257998738142101,1.21139840345869,0.388840782568547,0.34312338619413,0.184645949659564,"left","Female-Juvenile",2,2010,2011,2,4,"Adult",3.5,0.5,205,2,1,2,-0.467902451182644
"131",2011,"5036",20,"nodal_traits_4324b0e9",0.303424638663189,0.0808598172730627,2.41101435545397,0.509185200583258,0.210063489871936,0.0534049939032185,"left","Male",6,2010,2019,10,4,"Adult",7,-3,236,6,8,3,0.118958250300672
"132",2011,"5041",20,"nodal_traits_4324b0e9",0.219370253282308,0.0733861485718614,2.03612042190798,0.487680603057709,0.234260930265755,0.0880345509102644,"left","Female-Juvenile",1,2011,2011,1,3,"Adult",3,0,236,1,5,2,-0.467902451182644
"133",2011,"5043",20,"nodal_traits_4324b0e9",0.057473908222918,0.0302113922485326,1.04352975220728,0.404089702356095,NA,NA,"left","Female-Juvenile",1,2011,2011,1,3,"Adult",3,0,230,1,0,1,-1.05476315266596
"134",2011,"5044",20,"nodal_traits_4324b0e9",0.482172403576996,0.115545280911133,3.46466952704841,0.606442259851312,0.335289055883046,0.0724388077719005,"left","Male",2,2010,2011,2,4,"Adult",3.5,0.5,230,2,8,2,-0.467902451182644
"135",2011,"5049",20,"nodal_traits_4324b0e9",0.244736038662905,0.0621817182665908,2.9657512669556,0.511754929633167,0.234223118030025,0.0466314967754257,"left","Male",1,2011,2011,1,3,"Adult",3,0,233,1,10,5,1.2926796532673
"136",2011,"5052",20,"nodal_traits_4324b0e9",0.421712577011908,0.0840021723052093,4.18896428575811,0.53184455489719,0.355604989404573,0.0493756214410115,"left","Female-Juvenile",1,2011,2011,1,3,"Adult",3,0,239,1,10,5,1.2926796532673
"137",2011,"5061",20,"nodal_traits_4324b0e9",0.578104377740211,0.0993891222025268,4.39150791856372,0.60966150274959,0.286509908302299,0.0400894862120871,"left","Male",3,2011,2016,6,3,"Adult",6,-3,226,3,13,3,0.118958250300672
"138",2011,"5068",20,"nodal_traits_4324b0e9",0.904908632800008,0.105994415405224,6.06304782944707,0.817929935581982,0.386483930963924,0.0571301534414263,"left","Male",5,2011,2021,11,3,"Adult",8.4,-5.4,226,5,14,3,0.118958250300672
"139",2011,"5071",20,"nodal_traits_4324b0e9",0.667471359971729,0.122909305474395,5.29459513684173,0.83525608372389,0.292407752148577,0.0492854773942806,"left","Male",4,2011,2017,7,3,"Adult",6.75,-3.75,236,3,16,4,0.705818951783988
"140",2011,"5075",20,"nodal_traits_4324b0e9",0.945229263723919,0.080864239237947,6.76240473586398,0.781249743271894,0.346164422188165,0.041431851309686,"left","Male",4,2010,2016,7,4,"Adult",6,-2,226,3,18,5,1.2926796532673
"141",2011,"5081",20,"nodal_traits_4324b0e9",0.109610473818947,0.0410829402226431,1.88566218977512,0.455316345978337,0.187591670760258,0.0652285361461278,"left","Female-Juvenile",1,2011,2011,1,3,"Adult",3,0,227,1,6,2,-0.467902451182644
"142",2011,"5091",20,"nodal_traits_4324b0e9",0.116224357990901,0.038024534371512,2.42842708689873,0.434081484378262,0.284938839070706,0.0670002798754012,"left","Female-Juvenile",2,2011,2016,6,3,"Adult",5.5,-2.5,234,1,6,4,0.705818951783988
"143",2011,"5106",20,"nodal_traits_4324b0e9",0.182019067674533,0.0574418918099038,2.55660929444534,0.511518317282161,0.263420142751636,0.0698098579400618,"left","Female-Juvenile",2,2010,2011,2,4,"Adult",3.5,0.5,234,2,7,3,0.118958250300672
"144",2011,"5158",20,"nodal_traits_4324b0e9",0.176760151080269,0.0519357611117746,1.99176240519249,0.468149125785518,0.17199723761614,0.046103674145241,"left","Male",5,2010,2017,8,4,"Adult",6.8,-2.8,205,4,8,4,0.705818951783988
"145",2011,"5161",20,"nodal_traits_4324b0e9",0.139326648403647,0.0513720699517867,2.32174735878226,0.565190989699622,0.193181774760459,0.0661282047800789,"left","Male",2,2010,2011,2,4,"Adult",3.5,0.5,243,2,8,2,-0.467902451182644
"146",2011,"5165",20,"nodal_traits_4324b0e9",0.0518556273828992,0.0219786367669097,1.0088575488134,0.350426413232552,NA,NA,"left","Male",6,2010,2017,8,4,"Adult",6.66666666666667,-2.66666666666667,235,5,0,1,-1.05476315266596
"147",2011,"5166",20,"nodal_traits_4324b0e9",0.0558057254318586,0.0273212678082162,1.15936233430353,0.371327188213169,0.180103652470066,0.179583493493765,"left","Female-Juvenile",1,2011,2011,1,3,"Adult",3,0,236,1,1,1,-1.05476315266596
"148",2011,"5220",20,"nodal_traits_4324b0e9",0.0515404749174728,0.027448902904385,1.05090159536257,0.405730130408581,NA,NA,"left","Female-Juvenile",1,2011,2011,1,3,"Adult",3,0,243,1,0,1,-1.05476315266596
"149",2011,"54",20,"nodal_traits_4324b0e9",0.0722380842405166,0.0296737072348289,1.84129332744814,0.698733409063718,0.418041713006374,0.257536956520146,"left","Female-Juvenile",7,1989,2021,33,25,"Adult",29,-4,243,7,2,1,-1.05476315266596
"150",2011,"76",20,"nodal_traits_4324b0e9",0.1347587843446,0.0423687234164639,2.02957798849513,0.418591109055823,0.13773121957431,0.0347004819511029,"left","Male",3,1989,2011,23,25,"Adult",21.6666666666667,3.33333333333333,234,3,10,4,0.705818951783988
"151",2011,"832",20,"nodal_traits_4324b0e9",0.0676006611395796,0.0256994423859886,1.56580059532031,0.441144006410939,0.199706055113019,0.101338503587752,"left","Female-Juvenile",8,1994,2023,30,20,"Adult",22,-2,237,8,3,1,-1.05476315266596
"152",2011,"89",20,"nodal_traits_4324b0e9",0.138299946483021,0.0477068545243952,2.31336261483127,0.568899916788301,0.191002212868696,0.0598752499392445,"left","Female-Juvenile",4,1989,2016,28,25,"Adult",24.75,0.25,234,4,8,2,-0.467902451182644
"153",2011,"92",20,"nodal_traits_4324b0e9",0.139148164843939,0.0438879478739186,2.72003759040346,0.483740967597543,0.384224734073985,0.0767685556370061,"left","Male",6,1990,2016,27,24,"Adult",20.6666666666667,3.33333333333333,230,4,5,3,0.118958250300672
"154",2011,"961",20,"nodal_traits_4324b0e9",0.0499738116166608,0.0215708348536417,1.11494185281117,0.403800218130506,0.177201329248107,0.158779240369183,"left","Female-Juvenile",6,1997,2023,27,17,"Adult",19.8333333333333,-2.83333333333333,205,5,1,1,-1.05476315266596
"155",2013,"102",21,"nodal_traits_f85eba6a",0.155040152980603,0.0662900044749338,0.787799941964575,0.273178722975645,NA,NA,"left","Male",8,1989,2019,31,27,"Adult",25.75,1.25,244,6,0,1,-0.90686013420829
"156",2013,"120",21,"nodal_traits_f85eba6a",0.307905176311148,0.191643178586891,1.34722929545973,0.480210389214099,0.162532144894466,0.0922862236544221,"left","Male",5,1989,2013,25,27,"Adult",20.8,6.2,249,4,4,1,-0.90686013420829
"157",2013,"1458",21,"nodal_traits_f85eba6a",0.138072113081806,0.0562787133004458,0.723035110004622,0.243904046054834,NA,NA,"left","Male",6,1998,2016,19,18,"Adult",14.6666666666667,3.33333333333333,250,5,0,1,-0.90686013420829
"158",2013,"162",21,"nodal_traits_f85eba6a",0.191296514379953,0.0817585570393296,1.04085912658272,0.301057644634788,0.165815781263376,0.0982420949766886,"left","Female-Juvenile",5,1989,2023,35,27,"Adult",31.4,-4.4,248,5,2,1,-0.90686013420829
"159",2013,"1676",21,"nodal_traits_f85eba6a",0.271498858355061,0.140365287300605,1.14368789876137,0.371748144410595,0.13190065571846,0.076947562432601,"left","Male",3,1999,2013,15,17,"Adult",9.33333333333333,7.66666666666667,248,2,3,1,-0.90686013420829
"160",2013,"1739",21,"nodal_traits_f85eba6a",0.195952656535405,0.0990967189963957,0.972189231596509,0.289333231190996,0.132941792078798,0.0612330187483541,"left","Male",7,2001,2023,23,15,"Adult",15.7142857142857,-0.714285714285714,248,5,3,4,1.55212599893342
"161",2013,"2028",21,"nodal_traits_f85eba6a",0.148299275807544,0.0726615370838249,0.810599293321932,0.302977797039172,0.103840217287991,0.0806857726984549,"left","Male",5,2002,2015,14,14,"Adult",11.2,2.8,238,4,2,3,0.73246395455285
"162",2013,"2102",21,"nodal_traits_f85eba6a",0.380040961693554,0.183308116368254,1.65510943989191,0.414767117697966,0.176332683368651,0.0609840968944829,"left","Male",4,1999,2013,15,17,"Adult",11.25,5.75,248,2,6,3,0.73246395455285
"163",2013,"28",21,"nodal_traits_f85eba6a",0.355325059403758,0.176300282939042,1.32333680786441,0.395596879578215,0.152557162025571,0.0769683740202155,"left","Male",4,1989,2013,25,25,"Adult",18.5,6.5,235,3,4,1,-0.90686013420829
"164",2013,"3009",21,"nodal_traits_f85eba6a",0.655969881910632,0.210252973452666,2.03585011484198,0.441510071880014,0.187067693887922,0.0472114708088319,"left","Male",5,2006,2016,11,10,"Adult",8.2,1.8,249,5,8,4,1.55212599893342
"165",2013,"3012",21,"nodal_traits_f85eba6a",0.782869467201061,0.206020780939046,2.16503126083834,0.475239082333556,0.204673243657424,0.0540347831931236,"left","Male",7,2006,2017,12,10,"Adult",8.42857142857143,1.57142857142857,249,5,8,3,0.73246395455285
"166",2013,"3016",21,"nodal_traits_f85eba6a",0.443114032872447,0.193393360902532,1.6291452286357,0.430771895413831,0.259123440258827,0.0972458984630184,"left","Female-Juvenile",2,2011,2013,3,5,"Adult",4,1,248,2,4,3,0.73246395455285
"167",2013,"3098",21,"nodal_traits_f85eba6a",0.183933407655156,0.110851183776421,0.874144810425262,0.33631628665544,0.127343322452905,0.142841300874411,"left","Male",3,2006,2013,8,10,"Adult",7,3,250,3,1,1,-0.90686013420829
"168",2013,"45",21,"nodal_traits_f85eba6a",0.136571586034009,0.0641023493557119,0.745274866476974,0.2192967437794,0.133146246386795,0.138745099225854,"left","Male",7,1989,2016,28,27,"Adult",24,3,250,6,1,3,0.73246395455285
"169",2013,"4513",21,"nodal_traits_f85eba6a",0.399052098077088,0.197570419737609,1.62692893897699,0.374566774402478,0.349994826019678,0.093583165612477,"left","Female-Juvenile",8,2009,2023,15,7,"Adult",8.75,-1.75,250,6,3,5,2.37178804331399
"170",2013,"480",21,"nodal_traits_f85eba6a",0.173125626421936,0.0896223608032198,0.901016762365971,0.317643926308991,0.142388015962251,0.14147569385357,"left","Male",6,1990,2013,24,26,"Adult",19.6666666666667,6.33333333333333,235,3,1,1,-0.90686013420829
"171",2013,"5009",21,"nodal_traits_f85eba6a",0.655524041331582,0.22560104667109,2.21949629019799,0.495061128628795,0.148291106099033,0.0355495116663679,"left","Female-Juvenile",3,2010,2013,4,6,"Adult",4.33333333333333,1.66666666666667,238,3,12,5,2.37178804331399
"172",2013,"5027",21,"nodal_traits_f85eba6a",0.193879565470851,0.0889695656464042,0.916343051670118,0.241065750822557,0.222490732916165,0.134085903143404,"left","Female-Juvenile",2,2011,2013,3,5,"Adult",4,1,238,2,1,2,-0.0871980898277201
"173",2013,"5036",21,"nodal_traits_f85eba6a",0.421857267250188,0.167539027189679,1.48470880529946,0.39871250657411,0.273698005392436,0.0873479737459951,"left","Male",6,2010,2019,10,6,"Adult",7,-1,245,6,3,2,-0.0871980898277201
"174",2013,"5078",21,"nodal_traits_f85eba6a",0.177846850867429,0.0760486407769072,1.03142267311293,0.309085672465414,0.0980059035403889,0.0383466888527978,"left","Female-Juvenile",7,2010,2023,14,6,"Adult",9.71428571428571,-3.71428571428571,248,7,5,4,1.55212599893342
"175",2013,"5165",21,"nodal_traits_f85eba6a",0.584369076662025,0.226411443416644,1.83513518609028,0.43648177855554,0.245977373911101,0.0776275899008383,"left","Male",6,2010,2017,8,6,"Adult",6.66666666666667,-0.666666666666667,235,5,5,3,0.73246395455285
"176",2013,"5194",21,"nodal_traits_f85eba6a",0.160209657935998,0.0936562478243015,0.800779597989009,0.293825573367035,NA,NA,"left","Male",6,2011,2021,11,5,"Adult",7.83333333333333,-2.83333333333333,246,5,0,1,-0.90686013420829
"177",2013,"54",21,"nodal_traits_f85eba6a",0.161791908294676,0.0789198643235202,0.823396769315488,0.286895928049238,NA,NA,"left","Female-Juvenile",7,1989,2021,33,27,"Adult",29,-2,250,7,0,1,-0.90686013420829
"178",2013,"6000",21,"nodal_traits_f85eba6a",0.51369143414849,0.246665432460102,1.87095893054267,0.512672676656687,0.182894000202692,0.0688227878413618,"left","Male",1,2013,2013,1,3,"Adult",3,0,235,1,7,2,-0.0871980898277201
"179",2013,"6001",21,"nodal_traits_f85eba6a",0.541945912737371,0.209077069512767,1.77299254436172,0.424796199402078,0.199482582882371,0.063603500943877,"left","Male",1,2013,2013,1,3,"Adult",3,0,235,1,6,3,0.73246395455285
"180",2013,"6002",21,"nodal_traits_f85eba6a",0.144677942694629,0.0697745166427852,0.831292081320716,0.323123514055633,0.133146246386795,0.138745099225854,"left","Female-Juvenile",2,2013,2016,4,3,"Adult",4.5,-1.5,243,2,1,1,-0.90686013420829
"181",2013,"6003",21,"nodal_traits_f85eba6a",0.11782992449379,0.0563884612164643,0.630626080455975,0.226809014191214,0.0677449832920274,0.071599115633614,"left","Male",3,2013,2019,7,3,"Adult",6,-3,244,2,1,4,1.55212599893342
"182",2013,"6004",21,"nodal_traits_f85eba6a",0.375003700809378,0.189183503115487,1.3339226241764,0.457187332026131,0.170917053584364,0.0797186325207419,"left","Female-Juvenile",1,2013,2013,1,3,"Adult",3,0,245,1,4,2,-0.0871980898277201
"183",2013,"6005",21,"nodal_traits_f85eba6a",0.265249208078329,0.122579747195679,1.05461936274365,0.327633583414193,0.152613464457342,0.0958925069803043,"left","Male",1,2013,2013,1,3,"Adult",3,0,245,1,2,1,-0.90686013420829
"184",2013,"6006",21,"nodal_traits_f85eba6a",0.474930637398685,0.195391988357842,1.57312273790874,0.361681536166301,0.24026592085292,0.0799954526340285,"left","Female-Juvenile",1,2013,2013,1,3,"Adult",3,0,248,1,4,3,0.73246395455285
"185",2013,"6011",21,"nodal_traits_f85eba6a",0.32738250251344,0.162271195622966,1.51168594804403,0.379599528145178,0.157965932966717,0.0509732253604468,"left","Female-Juvenile",1,2013,2013,1,3,"Adult",3,0,249,1,6,3,0.73246395455285
"186",2013,"6014",21,"nodal_traits_f85eba6a",0.299407238351527,0.147554055946227,1.13128794121518,0.340085401764855,0.169513528705485,0.0853482997976461,"left","Male",1,2013,2013,1,3,"Adult",3,0,247,1,3,2,-0.0871980898277201
"187",2013,"6016",21,"nodal_traits_f85eba6a",0.751621391642839,0.22610416550306,2.24385203401294,0.471824673120716,0.285551963043359,0.0720396064303807,"left","Male",4,2013,2017,5,3,"Adult",5.25,-2.25,245,3,6,3,0.73246395455285
"188",2013,"6017",21,"nodal_traits_f85eba6a",0.508799142137142,0.201576712833801,1.44234586605022,0.374651658719071,0.257930933264075,0.104081061580965,"left","Male",4,2013,2017,5,3,"Adult",5.25,-2.25,249,3,3,2,-0.0871980898277201
"189",2013,"606",21,"nodal_traits_f85eba6a",0.430502865463151,0.227291447388306,1.65685482514055,0.48931953621053,0.137794467321642,0.057147458598707,"left","Male",6,1997,2013,17,19,"Adult",12.6666666666667,6.33333333333333,249,2,8,2,-0.0871980898277201
"190",2013,"92",21,"nodal_traits_f85eba6a",0.13401093186349,0.0712741230984004,0.678111067733935,0.255458840155764,NA,NA,"left","Male",6,1990,2016,27,26,"Adult",20.6666666666667,5.33333333333333,237,4,0,2,-0.0871980898277201
"191",2015,"102",22,"nodal_traits_cd2bdefa",0.176277741095856,0.0628808772383318,2.27217948164708,0.521907627289281,0.173568758583372,0.0669415767785686,"left","Male",8,1989,2019,31,29,"Adult",25.75,3.25,166,6,6,1,-0.754973875221944
"192",2015,"1147",22,"nodal_traits_cd2bdefa",0.118830610410682,0.0476423179135707,1.4783946077063,0.469499891227299,0.249510895965874,0.252084852003344,"left","Female-Juvenile",3,1996,2015,20,22,"Adult",17.3333333333333,4.66666666666667,215,3,1,1,-0.754973875221944
"193",2015,"1739",22,"nodal_traits_cd2bdefa",0.148212977886873,0.0583773247083254,1.81290695352584,0.379983887929723,0.0985816411343653,0.0351352104907503,"left","Male",7,2001,2023,23,17,"Adult",15.7142857142857,1.28571428571429,166,5,9,4,1.68689475244903
"194",2015,"1757",22,"nodal_traits_cd2bdefa",0.141426074608956,0.0576697647321071,1.8086506574947,0.554007338129342,0.161547991161983,0.0916293490591967,"left","Female-Juvenile",6,2001,2016,16,17,"Adult",11.8333333333333,5.16666666666667,240,5,4,1,-0.754973875221944
"195",2015,"2028",22,"nodal_traits_cd2bdefa",0.177419116020927,0.0668928245917372,1.81486612531265,0.513309061337927,0.147064876967406,0.0830627880482947,"left","Male",5,2002,2015,14,16,"Adult",11.2,4.8,227,4,4,1,-0.754973875221944
"196",2015,"2048",22,"nodal_traits_cd2bdefa",0.183281591746343,0.0747456049394803,2.11897449713869,0.559920128354479,0.106913876092063,0.039789882168947,"left","Male",6,2002,2019,18,16,"Adult",13.1666666666667,2.83333333333333,227,5,11,3,0.872938543225372
"197",2015,"293",22,"nodal_traits_cd2bdefa",0.140017033632585,0.0588514507090486,1.7634314891166,0.539157317976305,0.179193738627881,0.121546178291617,"left","Male",4,2001,2015,15,17,"Adult",9.25,7.75,241,2,3,1,-0.754973875221944
"198",2015,"303",22,"nodal_traits_cd2bdefa",0.127859236650046,0.0514804698855365,1.55249820146594,0.42092911317295,0.187337381975685,0.129459017761537,"left","Female-Juvenile",2,1996,2019,24,22,"Adult",24,-2,165,2,2,1,-0.754973875221944
"199",2015,"4113",22,"nodal_traits_cd2bdefa",0.524711007722954,0.118889959805974,2.84462143276775,0.479648214625692,0.205166250277766,0.0478243583255807,"left","Female-Juvenile",4,2007,2016,10,11,"Adult",8,3,232,3,9,3,0.872938543225372
"200",2015,"45",22,"nodal_traits_cd2bdefa",0.19330581451547,0.0724927036224839,2.048255830236,0.536971205529907,0.166888559380445,0.0793881250356357,"left","Male",7,1989,2016,28,29,"Adult",24,5,227,6,5,1,-0.754973875221944
"201",2015,"4513",22,"nodal_traits_cd2bdefa",0.263035431014955,0.0782287946847498,2.06522405356638,0.426763397130258,0.115790617760263,0.0403052756072834,"left","Female-Juvenile",8,2009,2023,15,9,"Adult",8.75,0.25,227,6,9,2,0.0589823340017144
"202",2015,"5001",22,"nodal_traits_cd2bdefa",0.154397150046628,0.0545860149557809,1.94838535788642,0.465532213637095,0.152387779580964,0.0685529409996636,"left","Male",3,2011,2016,6,7,"Adult",6,1,166,3,5,1,-0.754973875221944
"203",2015,"5002",22,"nodal_traits_cd2bdefa",0.562989859612717,0.119486375491429,3.19636779298674,0.473594434540575,0.187951826629946,0.0302282013060444,"left","Female-Juvenile",3,2011,2016,6,7,"Adult",6,1,240,2,13,6,3.31480717089635
"204",2015,"5003",22,"nodal_traits_cd2bdefa",0.113391853580167,0.0450817208856662,1.43039002931071,0.34241277889667,0.225380235006331,0.219087866271508,"left","Male",7,2010,2023,14,8,"Adult",8.85714285714286,-0.857142857142858,165,6,1,1,-0.754973875221944
"205",2015,"5018",22,"nodal_traits_cd2bdefa",0.115656737948278,0.0452915191924835,1.46200548314948,0.44190275557585,0.235358597967436,0.245204888599287,"left","Male",4,2011,2019,9,7,"Adult",7.25,-0.25,216,4,1,1,-0.754973875221944
"206",2015,"5024",22,"nodal_traits_cd2bdefa",0.216227941367249,0.10305084887982,1.76224437843789,0.523433427884009,0.191087238327878,0.0837757490626323,"left","Female-Juvenile",3,2011,2016,6,7,"Adult",6,1,215,2,4,3,0.872938543225372
"207",2015,"5029",22,"nodal_traits_cd2bdefa",0.209165081171651,0.0787190711822341,2.12267369091355,0.463047313261812,0.174674986915827,0.0553466611203044,"left","Female-Juvenile",4,2010,2016,7,8,"Adult",6,2,241,4,6,2,0.0589823340017144
"208",2015,"5036",22,"nodal_traits_cd2bdefa",0.133744504845962,0.0561538079909968,1.70326156957008,0.38232696407667,0.131572263687156,0.0599299092355604,"left","Male",6,2010,2019,10,8,"Adult",7,1,165,6,5,2,0.0589823340017144
"209",2015,"5061",22,"nodal_traits_cd2bdefa",0.821918360949623,0.132763009910466,4.61791908240453,0.746351165783407,0.183582063862562,0.0310276467843799,"left","Male",3,2011,2016,6,7,"Adult",6,1,228,3,21,4,1.68689475244903
"210",2015,"5068",22,"nodal_traits_cd2bdefa",0.171386630975403,0.0671640510042782,2.12214054258141,0.493262480826766,0.140620863608714,0.0483591951039353,"left","Male",5,2011,2021,11,7,"Adult",8.4,-1.4,228,5,9,4,1.68689475244903
"211",2015,"5071",22,"nodal_traits_cd2bdefa",0.155255773331864,0.0641788131188462,1.94915728930075,0.55020613024893,0.165934490279362,0.0802445190659505,"left","Male",4,2011,2017,7,7,"Adult",6.75,0.25,166,3,5,1,-0.754973875221944
"212",2015,"5078",22,"nodal_traits_cd2bdefa",0.808020460321101,0.149108601924788,3.9882207047021,0.73730054228884,0.303378937272734,0.071352704688915,"left","Female-Juvenile",7,2010,2023,14,8,"Adult",9.71428571428571,-1.71428571428571,227,7,10,3,0.872938543225372
"213",2015,"5158",22,"nodal_traits_cd2bdefa",0.123436324570769,0.0484048965566689,1.54380513999044,0.438489080581162,0.225380235006331,0.219087866271508,"left","Male",5,2010,2017,8,8,"Adult",6.8,1.2,165,4,1,1,-0.754973875221944
"214",2015,"5165",22,"nodal_traits_cd2bdefa",0.12441516523179,0.0561067751156659,1.52176746937179,0.422241314255743,0.13687407992752,0.0918066073125079,"left","Male",6,2010,2017,8,8,"Adult",6.66666666666667,1.33333333333333,165,5,2,1,-0.754973875221944
"215",2015,"5194",22,"nodal_traits_cd2bdefa",0.139234598992984,0.0598618282499857,1.6315220846699,0.454337389342522,0.205662643291357,0.141524947234351,"left","Male",6,2011,2021,11,7,"Adult",7.83333333333333,-0.833333333333333,215,5,2,1,-0.754973875221944
"216",2015,"531",22,"nodal_traits_cd2bdefa",0.192776339373341,0.0829604503475999,2.09699205960694,0.551578822593317,0.452220632372909,0.180712289104929,"left","Female-Juvenile",3,1990,2015,26,28,"Adult",20.3333333333333,7.66666666666667,215,2,2,2,0.0589823340017144
"217",2015,"54",22,"nodal_traits_cd2bdefa",0.127742827285806,0.0513404930334376,1.58885339954143,0.375665964097264,0.157148684243649,0.0922404280533579,"left","Female-Juvenile",7,1989,2021,33,29,"Adult",29,0,241,7,3,2,0.0589823340017144
"218",2015,"6016",22,"nodal_traits_cd2bdefa",0.102248704749616,0.0452051159834224,1.19014681695717,0.346265511506361,NA,NA,"left","Male",4,2013,2017,5,5,"Adult",5.25,-0.25,165,3,0,2,0.0589823340017144
"219",2015,"6017",22,"nodal_traits_cd2bdefa",0.121883465690856,0.0577925248679369,1.2798972737881,0.403599773737325,0.0876518444257343,0.097191431184935,"left","Male",4,2013,2017,5,5,"Adult",5.25,-0.25,242,3,1,1,-0.754973875221944
"220",2015,"6102",22,"nodal_traits_cd2bdefa",0.202717580647883,0.0737779944417443,1.78644397710377,0.447134128931223,0.11841107282287,0.0554900483178759,"left","Male",4,2015,2021,7,3,"Adult",5.75,-2.75,232,2,6,2,0.0589823340017144
"221",2015,"6103",22,"nodal_traits_cd2bdefa",0.132913287895468,0.0504298923021526,1.6181831964623,0.414975279967399,0.144543464406767,0.0944792886297916,"left","Female-Juvenile",1,2015,2015,1,3,"Adult",3,0,166,1,3,1,-0.754973875221944
"222",2015,"6105",22,"nodal_traits_cd2bdefa",0.104908878097764,0.0440497585411229,1.24758663027177,0.368364151702951,NA,NA,"left","Male",3,2015,2021,7,3,"Adult",5.33333333333333,-2.33333333333333,167,3,0,1,-0.754973875221944
"223",2015,"6106",22,"nodal_traits_cd2bdefa",0.149413020449615,0.0599296258766415,1.58933463231434,0.472315655700419,0.138552371610746,0.0873910377093773,"left","Female-Juvenile",2,2015,2016,2,3,"Adult",3.5,-0.5,167,1,3,1,-0.754973875221944
"224",2015,"6110",22,"nodal_traits_cd2bdefa",0.133447806313795,0.0479520661844418,1.51808956576418,0.352666150790238,0.123639224323649,0.0725141582471449,"left","Male",1,2015,2015,1,3,"Adult",3,0,228,1,3,1,-0.754973875221944
"225",2015,"6112",22,"nodal_traits_cd2bdefa",0.178802362920336,0.0664708950456098,1.7629369754938,0.446264107598774,0.172933805164092,0.0930231312464084,"left","Male",3,2015,2023,9,3,"Adult",6,-3,227,3,3,1,-0.754973875221944
"226",2015,"6114",22,"nodal_traits_cd2bdefa",0.17875847818954,0.0798869437648941,1.72697191225996,0.413513227185738,0.133275374537447,0.0689745128415312,"left","Female-Juvenile",1,2015,2015,1,3,"Adult",3,0,215,1,4,1,-0.754973875221944
"227",2015,"6118",22,"nodal_traits_cd2bdefa",0.259687594202767,0.107663337950588,2.61077468845505,0.510972348780393,0.263752600138183,0.082179001529063,"left","Female-Juvenile",1,2015,2015,1,3,"Adult",3,0,241,1,6,2,0.0589823340017144
"228",2015,"6120",22,"nodal_traits_cd2bdefa",0.54530956840479,0.10108264523676,2.92708917170645,0.509802290002276,0.217290460744425,0.0432752072134575,"left","Female-Juvenile",3,2015,2019,5,3,"Adult",5,-2,242,2,10,6,3.31480717089635
"229",2015,"6122",22,"nodal_traits_cd2bdefa",0.177451224319659,0.0587700111150758,1.5736804810999,0.357532131312508,0.162335187898668,0.0813447132783637,"left","Male",3,2015,2021,7,3,"Adult",6.33333333333333,-3.33333333333333,232,2,3,2,0.0589823340017144
"230",2015,"6123",22,"nodal_traits_cd2bdefa",0.125866126186344,0.0525023410898174,1.61828094055658,0.529252311030501,0.185510054740584,0.159407152001625,"left","Male",3,2015,2019,5,3,"Adult",4.66666666666667,-1.66666666666667,226,1,2,1,-0.754973875221944
"231",2015,"6124",22,"nodal_traits_cd2bdefa",0.131337668419856,0.045417907241611,1.47232145413869,0.325979639226842,0.127166340822111,0.0688952913434677,"left","Female-Juvenile",1,2015,2015,1,3,"Adult",3,0,226,1,3,2,0.0589823340017144
"232",2015,"6127",22,"nodal_traits_cd2bdefa",0.689985467141736,0.116282800325676,3.36083703318352,0.473544488181979,0.199957588596926,0.0320391307183443,"left","Female-Juvenile",1,2015,2015,1,3,"Adult",3,0,241,1,13,5,2.50085096167269
"233",2015,"6128",22,"nodal_traits_cd2bdefa",0.966354069886118,0.0673993744719135,5.02480663442585,0.682842860330027,0.235741980398586,0.0347508120229982,"left","Female-Juvenile",2,2015,2016,2,3,"Adult",3.5,-0.5,232,2,18,4,1.68689475244903
"234",2015,"6130",22,"nodal_traits_cd2bdefa",0.678700477727251,0.112821547644952,3.59209786180878,0.552314739976917,0.175689037884476,0.032705126946163,"left","Female-Juvenile",5,2015,2021,7,3,"Adult",5.6,-2.6,227,3,16,4,1.68689475244903
"235",2015,"6131",22,"nodal_traits_cd2bdefa",0.246926921853011,0.107558940511274,2.08016284507808,0.558087628082668,0.169322719663709,0.0655608909557745,"left","Female-Juvenile",1,2015,2015,1,3,"Adult",3,0,227,1,6,2,0.0589823340017144
"236",2015,"6133",22,"nodal_traits_cd2bdefa",0.178827349266377,0.0659623540790007,1.68797937574357,0.402008215948489,0.12562392797946,0.0546572439380901,"left","Male",2,2015,2016,2,3,"Adult",3.5,-0.5,166,2,5,2,0.0589823340017144
"237",2015,"6134",22,"nodal_traits_cd2bdefa",0.141150214451221,0.0549649615090527,1.46544311115737,0.428701216499303,0.102229816388021,0.0726623508238377,"left","Female-Juvenile",2,2015,2021,7,3,"Adult",6,-3,228,2,2,1,-0.754973875221944
"238",2015,"6138",22,"nodal_traits_cd2bdefa",0.166176333566883,0.0578268798400993,1.52274139392307,0.3688959785867,0.122852059847559,0.0720009529826864,"left","Male",2,2015,2021,7,3,"Adult",6,-3,232,2,3,1,-0.754973875221944
"239",2015,"6139",22,"nodal_traits_cd2bdefa",0.442703362444221,0.132494228139787,2.3997747974463,0.511302195951373,0.193471535301211,0.0638690360600271,"left","Male",2,2015,2019,5,3,"Adult",5,-2,232,1,7,2,0.0589823340017144
"240",2015,"6140",22,"nodal_traits_cd2bdefa",0.154323094064061,0.0641906192036419,1.82983475224843,0.452353488848984,0.242100422792359,0.0934068541863984,"left","Female-Juvenile",4,2015,2023,9,3,"Adult",6.75,-3.75,241,4,3,2,0.0589823340017144
"241",2015,"6141",22,"nodal_traits_cd2bdefa",0.175289694829767,0.0792124086095599,1.90567074979887,0.537037888617493,0.169807459861672,0.0805923595178207,"left","Female-Juvenile",4,2015,2023,9,3,"Adult",6.75,-3.75,233,3,4,1,-0.754973875221944
"242",2015,"6146",22,"nodal_traits_cd2bdefa",0.143119220274709,0.0620231757238351,1.75127413619782,0.497861176442333,0.176856601860987,0.114778109907819,"left","Female-Juvenile",1,2015,2015,1,3,"Adult",3,0,240,1,3,1,-0.754973875221944
"243",2015,"832",22,"nodal_traits_cd2bdefa",0.137588253258728,0.0666461303486544,1.75361676018715,0.642617596626784,0.191868906414357,0.139564801387642,"left","Female-Juvenile",8,1994,2023,30,24,"Adult",22,2,241,8,3,1,-0.754973875221944
"244",2016,"102",23,"nodal_traits_3a6348a1",0.3213999709276,0.058168579639309,3.90079407836592,0.55360324446551,0.162382943603041,0.0384142178449429,"left","Male",8,1989,2019,31,30,"Adult",25.75,4.25,204,6,11,3,0.18688724979883
"245",2016,"1364",23,"nodal_traits_3a6348a1",0.550766631055379,0.100456307200773,5.67803063069499,0.894737456639995,0.18593793912356,0.0407231814686098,"left","Female-Juvenile",5,1997,2016,20,22,"Adult",14,8,207,3,19,1,-1.2085375486991
"246",2016,"1458",23,"nodal_traits_3a6348a1",0.434351733843218,0.0608368961891902,5.38518991083872,0.592474922723571,0.270945495887746,0.0381776461318904,"left","Male",6,1998,2016,19,21,"Adult",14.6666666666667,6.33333333333333,241,5,13,4,0.884599649047797
"247",2016,"1739",23,"nodal_traits_3a6348a1",0.594666772708385,0.108458161717147,6.06079207825104,0.917580811928339,0.193415567808628,0.041170012087851,"left","Male",7,2001,2023,23,18,"Adult",15.7142857142857,2.28571428571429,207,5,21,1,-1.2085375486991
"248",2016,"1757",23,"nodal_traits_3a6348a1",0.337603283887313,0.0583394990338445,4.42748858415223,0.65394752680055,0.238638234672608,0.0569832846128079,"left","Female-Juvenile",6,2001,2016,16,18,"Adult",11.8333333333333,6.16666666666667,204,5,10,4,0.884599649047797
"249",2016,"2048",23,"nodal_traits_3a6348a1",0.508262940384026,0.0731757151183074,5.52104723142146,0.635544318737274,0.326192230347972,0.0462340390925941,"left","Male",6,2002,2019,18,17,"Adult",13.1666666666667,3.83333333333333,204,5,11,4,0.884599649047797
"250",2016,"3009",23,"nodal_traits_3a6348a1",0.60303490847601,0.0854982822692764,6.56710316348937,0.792932402158351,0.295692213910297,0.0448431682748462,"left","Male",5,2006,2016,11,13,"Adult",8.2,4.8,239,5,16,4,0.884599649047797
"251",2016,"3012",23,"nodal_traits_3a6348a1",0.295288293467231,0.0599064740167888,4.15610507645493,0.700394746121891,0.240619935722216,0.0616538426793198,"left","Male",7,2006,2017,12,13,"Adult",8.42857142857143,4.57142857142857,199,5,8,3,0.18688724979883
"252",2016,"409",23,"nodal_traits_3a6348a1",0.344814778210514,0.0701060234500004,4.2069902683454,0.657071956431289,0.221324842374782,0.0487975396163969,"left","Female-Juvenile",6,1996,2023,28,23,"Adult",22.3333333333333,0.666666666666668,239,6,8,2,-0.510825149450137
"253",2016,"4113",23,"nodal_traits_3a6348a1",0.769502326840035,0.0925067594912498,7.35636197218523,0.839665192341745,0.205553251559089,0.0286410207113495,"left","Female-Juvenile",4,2007,2016,10,12,"Adult",8,4,239,3,29,3,0.18688724979883
"254",2016,"45",23,"nodal_traits_3a6348a1",0.443613738392669,0.0550412072164098,5.07573649073641,0.490783766773527,0.271004491330435,0.034240155554217,"left","Male",7,1989,2016,28,30,"Adult",24,6,241,6,12,5,1.58231204829676
"255",2016,"5001",23,"nodal_traits_3a6348a1",0.271316746126066,0.0568442181925492,3.73524006150859,0.66785538429592,0.229921363130625,0.10059230142259,"left","Male",3,2011,2016,6,8,"Adult",6,2,199,3,4,1,-1.2085375486991
"256",2016,"5003",23,"nodal_traits_3a6348a1",0.624393607435278,0.092396522533117,6.03385825855916,0.707010433838572,0.18669310847305,0.0244221167637837,"left","Male",7,2010,2023,14,9,"Adult",8.85714285714286,0.142857142857142,207,6,25,4,0.884599649047797
"257",2016,"5018",23,"nodal_traits_3a6348a1",0.236542304304618,0.0561796841033945,2.98801144074994,0.532595515491333,NA,NA,"left","Male",4,2011,2019,9,8,"Adult",7.25,0.75,233,4,0,1,-1.2085375486991
"258",2016,"5024",23,"nodal_traits_3a6348a1",0.59728482411222,0.0978342345563871,6.05236313076918,0.912533908029336,0.182785701758875,0.0349952374144452,"left","Female-Juvenile",3,2011,2016,6,8,"Adult",6,2,233,2,22,1,-1.2085375486991
"259",2016,"5029",23,"nodal_traits_3a6348a1",0.519044570959523,0.0795312374490921,5.44235651651602,0.812792545083039,0.241671891205574,0.0395133100758016,"left","Female-Juvenile",4,2010,2016,7,9,"Adult",6,3,239,4,14,3,0.18688724979883
"260",2016,"5036",23,"nodal_traits_3a6348a1",0.666907160939107,0.0909431689566521,6.57823665450113,0.733068064236054,0.197728477296853,0.0256544981612452,"left","Male",6,2010,2019,10,9,"Adult",7,2,207,6,26,3,0.18688724979883
"261",2016,"5061",23,"nodal_traits_3a6348a1",0.667956644743494,0.103824151902843,6.71450518883017,0.829220461882233,0.19492751421608,0.0330585344480628,"left","Male",3,2011,2016,6,8,"Adult",6,2,207,3,25,1,-1.2085375486991
"262",2016,"5064",23,"nodal_traits_3a6348a1",0.601836248572743,0.0859796895987759,6.2780607031056,0.795010350051551,0.293563459703616,0.0366723093091524,"left","Female-Juvenile",3,2016,2023,8,3,"Adult",7,-4,242,3,15,4,0.884599649047797
"263",2016,"5068",23,"nodal_traits_3a6348a1",0.2754911640546,0.0534829071232313,3.78164277537771,0.602757693057838,0.226333106178127,0.094974256798251,"left","Male",5,2011,2021,11,8,"Adult",8.4,-0.4,199,5,4,1,-1.2085375486991
"264",2016,"5071",23,"nodal_traits_3a6348a1",0.706791845907258,0.0965143254044125,7.11925437902654,0.830338687573435,0.207536046791546,0.0285037846520033,"left","Male",4,2011,2017,7,8,"Adult",6.75,1.25,207,3,27,2,-0.510825149450137
"265",2016,"5075",23,"nodal_traits_3a6348a1",0.679663700519698,0.0972309797658895,6.78273279917451,0.821837950442366,0.184884688812637,0.0252917774639894,"left","Male",4,2010,2016,7,9,"Adult",6,3,209,3,30,4,0.884599649047797
"266",2016,"5078",23,"nodal_traits_3a6348a1",0.896668768387139,0.0887103824079549,8.4423979260199,0.885932703513359,0.231406503924691,0.0274932626349568,"left","Female-Juvenile",7,2010,2023,14,9,"Adult",9.71428571428571,-0.714285714285714,210,7,31,4,0.884599649047797
"267",2016,"5158",23,"nodal_traits_3a6348a1",0.672898784677994,0.117585434990616,6.67714261356064,0.841857920295842,0.200028489977257,0.0304870322997529,"left","Male",5,2010,2017,8,9,"Adult",6.8,2.2,206,4,26,3,0.18688724979883
"268",2016,"5165",23,"nodal_traits_3a6348a1",0.649812733579337,0.0790602785684857,7.13776976599395,0.655199920575674,0.291035939037455,0.0307840820852026,"left","Male",6,2010,2017,8,9,"Adult",6.66666666666667,2.33333333333333,210,5,19,5,1.58231204829676
"269",2016,"5194",23,"nodal_traits_3a6348a1",0.597904566908969,0.119389643242918,6.13831076632999,0.917938136496044,0.169689906197699,0.0311619535140291,"left","Male",6,2011,2021,11,8,"Adult",7.83333333333333,0.166666666666667,207,5,27,2,-0.510825149450137
"270",2016,"54",23,"nodal_traits_3a6348a1",0.585893780419374,0.0971004938802454,5.96038975976627,0.830103268863395,0.1727984092272,0.0303767669979515,"left","Female-Juvenile",7,1989,2021,33,30,"Adult",29,1,207,7,26,3,0.18688724979883
"271",2016,"6002",23,"nodal_traits_3a6348a1",0.241252690533748,0.0463520384999311,2.97737604598579,0.483375048453057,0.137676586604578,0.0587295218980715,"left","Female-Juvenile",2,2013,2016,4,6,"Adult",4.5,1.5,199,2,4,3,0.18688724979883
"272",2016,"6003",23,"nodal_traits_3a6348a1",0.533028604363361,0.0907687218929226,5.80501758877192,0.851224079608604,0.36958027127005,0.0599860055703129,"left","Male",3,2013,2019,7,6,"Adult",6,0,245,2,10,4,0.884599649047797
"273",2016,"6016",23,"nodal_traits_3a6348a1",0.335041691112415,0.0556974677799923,3.88677809391431,0.527314718400529,0.184617723053567,0.0516766963238184,"left","Male",4,2013,2017,5,6,"Adult",5.25,0.75,204,3,8,2,-0.510825149450137
"274",2016,"6017",23,"nodal_traits_3a6348a1",0.265154264344595,0.0563359860474658,3.73113754739798,0.628764542338477,0.20588286208548,0.0639060394257528,"left","Male",4,2013,2017,5,6,"Adult",5.25,0.75,241,3,6,2,-0.510825149450137
"275",2016,"6105",23,"nodal_traits_3a6348a1",0.919500859784014,0.0815154181910285,9.04415712203139,0.863620573609392,0.234911622564471,0.0243547155573607,"left","Male",3,2015,2021,7,4,"Adult",5.33333333333333,-1.33333333333333,241,3,34,6,2.28002444754573
"276",2016,"6112",23,"nodal_traits_3a6348a1",0.664207489274848,0.0792682034846353,6.5791307967894,0.797132780643881,0.209815909858025,0.0280847138345137,"left","Male",3,2015,2023,9,4,"Adult",6,-2,207,3,23,2,-0.510825149450137
"277",2016,"6113",23,"nodal_traits_3a6348a1",0.814142515227134,0.101393274698902,7.8875843026981,0.894857383924295,0.200087977251202,0.0257413290177895,"left","Female-Juvenile",4,2015,2021,7,4,"Adult",5.75,-1.75,239,3,33,3,0.18688724979883
"278",2016,"6128",23,"nodal_traits_3a6348a1",0.876766609352402,0.0780478879179771,8.42837063581694,0.768646071865654,0.223673396697947,0.0214324818678992,"left","Female-Juvenile",2,2015,2016,2,4,"Adult",3.5,0.5,241,2,33,6,2.28002444754573
"279",2016,"6133",23,"nodal_traits_3a6348a1",0.520269403154103,0.0877678795866631,5.15200585577615,0.704039239634867,0.165384993553546,0.0293802683627567,"left","Male",2,2015,2016,2,4,"Adult",3.5,0.5,210,2,21,3,0.18688724979883
"280",2016,"6140",23,"nodal_traits_3a6348a1",0.425836058077021,0.0789217814017972,4.39277359378569,0.65956652978696,0.259523683552553,0.0605300181548784,"left","Female-Juvenile",4,2015,2023,9,4,"Adult",6.75,-2.75,244,4,9,5,1.58231204829676
"281",2016,"6200",23,"nodal_traits_3a6348a1",0.238606356019711,0.0486501557759574,3.17778147087245,0.555853008212795,0.255034779753406,0.184128573866074,"left","Female-Juvenile",1,2016,2016,1,3,"Adult",3,0,199,1,1,1,-1.2085375486991
"282",2016,"6203",23,"nodal_traits_3a6348a1",0.319536326590276,0.0580752634039791,3.63504345395197,0.544224370833281,0.281430475657816,0.0729281274445306,"left","Female-Juvenile",1,2016,2016,1,3,"Adult",3,0,203,1,5,4,0.884599649047797
"283",2016,"6206",23,"nodal_traits_3a6348a1",0.87229766395182,0.0922966235246341,8.3741775190652,0.850404588731715,0.197803002293435,0.0218718027005254,"left","Female-Juvenile",1,2016,2016,1,3,"Adult",3,0,207,1,37,4,0.884599649047797
"284",2016,"6210",23,"nodal_traits_3a6348a1",0.774848804783088,0.0989646947814827,7.69252229175376,0.80369583329634,0.207936756876407,0.0241526080522842,"left","Male",4,2016,2023,8,3,"Adult",6.75,-3.75,207,3,31,4,0.884599649047797
"285",2016,"6211",23,"nodal_traits_3a6348a1",0.274194652002172,0.0539633624087862,3.20681657800244,0.567913547012026,0.204984178378525,0.078107698558249,"left","Female-Juvenile",3,2016,2023,8,3,"Adult",6.33333333333333,-3.33333333333333,241,3,4,3,0.18688724979883
"286",2016,"6220",23,"nodal_traits_3a6348a1",0.233873020153575,0.0442312704158156,2.93436694577441,0.464809587291222,NA,NA,"left","Male",2,2016,2023,8,3,"Adult",6.5,-3.5,242,2,0,1,-1.2085375486991
"287",2016,"6221",23,"nodal_traits_3a6348a1",0.309892864568231,0.0565224413514578,3.65564483049531,0.644635487959589,0.140900423921667,0.0406314063181306,"left","Female-Juvenile",1,2016,2016,1,3,"Adult",3,0,239,1,7,1,-1.2085375486991
"288",2016,"6224",23,"nodal_traits_3a6348a1",0.261176101917513,0.0447531832568627,3.66959236432765,0.592118262618616,0.249054124909925,0.0903366039780627,"left","Female-Juvenile",2,2016,2019,4,3,"Adult",4.5,-1.5,238,2,4,1,-1.2085375486991
"289",2016,"6257",23,"nodal_traits_3a6348a1",0.269226827013917,0.052469373193784,3.40906511117015,0.589882608902882,0.244960349654744,0.0953437725189396,"left","Male",2,2016,2017,2,3,"Adult",3.5,-0.5,241,1,3,2,-0.510825149450137
"290",2016,"832",23,"nodal_traits_3a6348a1",0.434661898949811,0.083999916445575,4.55522533444638,0.715528056058838,0.17230791619731,0.0413993185473152,"left","Female-Juvenile",8,1994,2023,30,25,"Adult",22,3,233,8,12,1,-1.2085375486991
"291",2016,"89",23,"nodal_traits_3a6348a1",0.260118289455093,0.0479540209486481,3.34917294232667,0.564815485869041,0.193475335119232,0.0602487512153082,"left","Female-Juvenile",4,1989,2016,28,30,"Adult",24.75,5.25,239,4,4,2,-0.510825149450137
"292",2016,"92",23,"nodal_traits_3a6348a1",0.299301757117885,0.0516627046351862,3.91484859476312,0.541584194582634,0.293592189798061,0.0639326862239391,"left","Male",6,1990,2016,27,29,"Adult",20.6666666666667,8.33333333333333,209,4,6,4,0.884599649047797
"293",2016,"961",23,"nodal_traits_3a6348a1",0.8415989177242,0.0996245025083349,8.5157560893576,0.903191435859055,0.214806167054979,0.0266460957766127,"left","Female-Juvenile",6,1997,2023,27,22,"Adult",19.8333333333333,2.16666666666667,245,5,34,3,0.18688724979883
"294",2019,"102",25,"nodal_traits_2e7ca2cd",0.089756416918038,0.0413722615923109,1.38473364860594,0.486944893394178,0.252929045943925,0.215045625902138,"left","Male",8,1989,2019,31,33,"Adult",25.75,7.25,208,6,1,1,-0.942756428002314
"295",2019,"1336",25,"nodal_traits_2e7ca2cd",0.099362315543862,0.0420393124869228,1.98939465154007,0.608209876759222,0.294925009916252,0.1406997925503,"left","Female-Juvenile",4,1994,2021,28,28,"Adult",22,6,216,3,3,1,-0.942756428002314
"296",2019,"162",25,"nodal_traits_2e7ca2cd",0.172536410786024,0.0865895181629946,2.9494239983584,0.704300014997794,0.327376214644047,0.0979090424385885,"left","Female-Juvenile",5,1989,2023,35,33,"Adult",31.4,1.6,213,5,6,2,0.221825041882897
"297",2019,"2048",25,"nodal_traits_2e7ca2cd",0.159100464834693,0.0602153573754271,2.60683279376728,0.567995983100102,0.331572619131988,0.0849236893077877,"left","Male",6,2002,2019,18,20,"Adult",13.1666666666667,6.83333333333333,216,5,5,2,0.221825041882897
"298",2019,"303",25,"nodal_traits_2e7ca2cd",0.106762864695252,0.0474156247512242,1.94178372313785,0.579216944113115,0.429377406721448,0.206011768453004,"left","Female-Juvenile",2,1996,2019,24,26,"Adult",24,2,213,2,2,1,-0.942756428002314
"299",2019,"409",25,"nodal_traits_2e7ca2cd",0.264522540287052,0.0904953391601945,3.586811013221,0.655771228492747,0.380177971237933,0.0900766522091527,"left","Female-Juvenile",6,1996,2023,28,26,"Adult",22.3333333333333,3.66666666666667,207,6,7,2,0.221825041882897
"300",2019,"4104",25,"nodal_traits_2e7ca2cd",0.160201057211326,0.0723226288444686,2.30132585406198,0.625917740282769,0.295936400632305,0.120902887201206,"left","Male",2,2007,2019,13,15,"Adult",9,6,218,1,4,1,-0.942756428002314
"301",2019,"5003",25,"nodal_traits_2e7ca2cd",0.368265625699428,0.108365090229565,2.98137677832616,0.574698933019144,0.407479547143626,0.107134220731093,"left","Male",7,2010,2023,14,12,"Adult",8.85714285714286,3.14285714285714,218,6,5,2,0.221825041882897
"302",2019,"5018",25,"nodal_traits_2e7ca2cd",0.193100616317672,0.0778765712507357,2.48458285633586,0.596395123081206,0.254994090363416,0.0803833217062644,"left","Male",4,2011,2019,9,11,"Adult",7.25,3.75,207,4,6,2,0.221825041882897
"303",2019,"5036",25,"nodal_traits_2e7ca2cd",0.468942807527142,0.11974876067822,4.56410283485033,0.581741588587098,0.419593724482503,0.0639751687120544,"left","Male",6,2010,2019,10,12,"Adult",7,5,208,6,9,3,1.38640651176811
"304",2019,"5068",25,"nodal_traits_2e7ca2cd",0.0819694429058428,0.0383581387585367,1.55483834528155,0.494158352197503,0.435835618123503,0.295134846712564,"left","Male",5,2011,2021,11,11,"Adult",8.4,2.6,216,5,1,1,-0.942756428002314
"305",2019,"5078",25,"nodal_traits_2e7ca2cd",0.122539621383042,0.0443245515811129,2.8152432704328,0.605100358597572,0.380553262347219,0.101204182742738,"left","Female-Juvenile",7,2010,2023,14,12,"Adult",9.71428571428571,2.28571428571429,215,7,5,2,0.221825041882897
"306",2019,"5112",25,"nodal_traits_2e7ca2cd",0.0972670607420259,0.0455080312551407,2.049882149546,0.518123179491556,0.298261475246402,0.0961758625860498,"left","Female-Juvenile",4,2010,2019,10,12,"Adult",7,5,216,2,4,3,1.38640651176811
"307",2019,"5194",25,"nodal_traits_2e7ca2cd",0.332249910103886,0.108260682622277,3.29532117692624,0.757173734045685,0.274193173425321,0.0677899144954422,"left","Male",6,2011,2021,11,11,"Adult",7.83333333333333,3.16666666666667,218,5,9,2,0.221825041882897
"308",2019,"54",25,"nodal_traits_2e7ca2cd",0.338344917156898,0.103462535942112,3.38922508435462,0.743389075071118,0.279280729019365,0.0706834290688392,"left","Female-Juvenile",7,1989,2021,33,33,"Adult",29,4,218,7,9,2,0.221825041882897
"309",2019,"6113",25,"nodal_traits_2e7ca2cd",0.216410234105537,0.0724011729902962,3.22080364403412,0.687022707671634,0.274365945635687,0.0658665187451088,"left","Female-Juvenile",4,2015,2021,7,7,"Adult",5.75,1.25,216,3,9,3,1.38640651176811
"310",2019,"6115",25,"nodal_traits_2e7ca2cd",0.135153846539886,0.054568906766126,2.10903355445487,0.635231748464916,0.206588626932105,0.0876835299101652,"left","Female-Juvenile",3,2015,2023,9,5,"Adult",7,-2,218,3,5,1,-0.942756428002314
"311",2019,"6120",25,"nodal_traits_2e7ca2cd",0.0912594681491375,0.0345914923096225,1.96823860229735,0.607596601752818,0.313095871320207,0.150128734488841,"left","Female-Juvenile",3,2015,2019,5,7,"Adult",5,2,214,2,3,1,-0.942756428002314
"312",2019,"6130",25,"nodal_traits_2e7ca2cd",0.406457094569998,0.105144694845451,4.4173801977919,0.809327597111095,0.313162568171407,0.0593537020999011,"left","Female-Juvenile",5,2015,2021,7,7,"Adult",5.6,1.4,215,3,12,4,2.55098798165332
"313",2019,"6145",25,"nodal_traits_2e7ca2cd",0.324538299417966,0.103484473898099,2.88678756531315,0.705726436398829,0.227847754154616,0.0705077355669817,"left","Female-Juvenile",2,2015,2023,9,5,"Adult",7,-2,218,2,8,1,-0.942756428002314
"314",2019,"6201",25,"nodal_traits_2e7ca2cd",0.783482268384624,0.119549948076889,5.07832359170318,0.714362590330186,0.364598794731889,0.0582257212119757,"left","Male",3,2016,2023,8,4,"Adult",6,-2,208,3,12,4,2.55098798165332
"315",2019,"6208",25,"nodal_traits_2e7ca2cd",0.05882433844254,0.0231427317843127,1.01788623665923,0.357397289474016,NA,NA,"left","Female-Juvenile",2,2016,2021,6,4,"Adult",5,-1,215,2,0,2,0.221825041882897
"316",2019,"6211",25,"nodal_traits_2e7ca2cd",0.0934055434923596,0.0485146174346995,1.64427804570823,0.502340295397763,0.196165868075099,0.142990141721818,"left","Female-Juvenile",3,2016,2023,8,6,"Adult",6.33333333333333,-0.333333333333333,218,3,2,1,-0.942756428002314
"317",2019,"6215",25,"nodal_traits_2e7ca2cd",0.849480951110889,0.100702762434737,5.30328338693753,0.770405049371687,0.377087820145924,0.0590758331649107,"left","Female-Juvenile",2,2016,2023,8,4,"Adult",6,-2,208,2,12,3,1.38640651176811
"318",2019,"6224",25,"nodal_traits_2e7ca2cd",0.307266112607128,0.105313182765519,3.61244435806584,0.703518740945059,0.45339829080227,0.0933885846843116,"left","Female-Juvenile",2,2016,2019,4,6,"Adult",4.5,1.5,207,2,6,2,0.221825041882897
"319",2019,"6246",25,"nodal_traits_2e7ca2cd",0.212008576671491,0.0798707753462297,3.15133366729354,0.5613275385509,0.427668139367875,0.0980581485007572,"left","Female-Juvenile",3,2019,2023,5,3,"Adult",5,-2,218,3,5,2,0.221825041882897
"320",2019,"6405",25,"nodal_traits_2e7ca2cd",0.170265280270321,0.0713285497043026,1.62895379470217,0.538262543566555,0.199823446651237,0.12912105748018,"left","Female-Juvenile",1,2019,2019,1,3,"Adult",3,0,207,1,2,1,-0.942756428002314
"321",2019,"6407",25,"nodal_traits_2e7ca2cd",0.531611931591344,0.118884552129905,4.56353580478924,0.65055836609101,0.418532653437967,0.0633478712551491,"left","Female-Juvenile",1,2019,2019,1,3,"Adult",3,0,218,1,9,3,1.38640651176811
"322",2019,"6408",25,"nodal_traits_2e7ca2cd",0.213481692078303,0.0947927750214384,4.0118450885129,0.864165785098557,0.37349188427523,0.101613683842922,"left","Female-Juvenile",1,2019,2019,1,3,"Adult",3,0,213,1,8,1,-0.942756428002314
"323",2019,"6415",25,"nodal_traits_2e7ca2cd",0.216132919138825,0.0815183257355581,3.21608975097162,0.642490364183693,0.297956678608718,0.06736524523253,"left","Female-Juvenile",3,2019,2023,5,3,"Adult",5,-2,218,3,8,3,1.38640651176811
"324",2019,"6418",25,"nodal_traits_2e7ca2cd",0.0693818993296343,0.0272124948252936,1.40518956093076,0.395659667466076,0.274968265786772,0.124475350465897,"left","Female-Juvenile",1,2019,2019,1,3,"Adult",3,0,215,1,2,3,1.38640651176811
"325",2019,"6421",25,"nodal_traits_2e7ca2cd",0.213395815509031,0.0706639485429887,2.63884385331933,0.483795788304265,0.409731576890455,0.0947963173571474,"left","Male",2,2019,2023,5,3,"Adult",5,-2,218,2,4,2,0.221825041882897
"326",2019,"6423",25,"nodal_traits_2e7ca2cd",0.216929865314191,0.0769070755695806,3.27908707435822,0.600386565611134,0.441017937316339,0.0851308212902417,"left","Female-Juvenile",1,2019,2019,1,3,"Adult",3,0,218,1,5,2,0.221825041882897
"327",2019,"6427",25,"nodal_traits_2e7ca2cd",0.0809427783840249,0.0411012912467397,1.39352013027265,0.46389435759578,0.242820889833415,0.182639213104716,"left","Female-Juvenile",2,2019,2021,3,3,"Adult",4,-1,216,2,1,1,-0.942756428002314
"328",2019,"6431",25,"nodal_traits_2e7ca2cd",0.320664041734624,0.0907112496772468,2.87821255778332,0.670934828200908,0.224480753357188,0.0610577219255473,"left","Female-Juvenile",3,2019,2023,5,3,"Adult",5,-2,218,3,8,1,-0.942756428002314
"329",2019,"6441",25,"nodal_traits_2e7ca2cd",0.0898582374083282,0.0347669162981679,1.69323577081836,0.450443699633613,0.627593056756529,0.251369475519749,"left","Female-Juvenile",3,2019,2023,5,3,"Adult",5,-2,214,3,1,2,0.221825041882897
"330",2021,"1336",26,"nodal_traits_a13f95b4",0.0637995902079376,0.0343376060352213,1.23828477863787,0.427921822602982,0.134371095868975,0.10709757680444,"left","Female-Juvenile",4,1994,2021,28,30,"Adult",22,8,227,3,3,1,-0.982495580498627
"331",2021,"162",26,"nodal_traits_a13f95b4",0.0792800919302965,0.0364350791619165,1.77846339111157,0.496718365597172,0.243970347133137,0.10237019439035,"left","Female-Juvenile",5,1989,2023,35,35,"Adult",31.4,3.6,203,5,4,2,-0.454708698412588
"332",2021,"3086",26,"nodal_traits_a13f95b4",0.121107121689375,0.0430082722812244,1.56364863379713,0.345295029958883,0.229519095450843,0.0692969763013913,"left","Female-Juvenile",4,2006,2021,16,18,"Adult",8,10,205,3,4,4,0.600865065759491
"333",2021,"409",26,"nodal_traits_a13f95b4",0.285891977838041,0.143550515701947,3.2301264371116,0.571001660608227,0.364535799382057,0.0667269487485423,"left","Female-Juvenile",6,1996,2023,28,28,"Adult",22.3333333333333,5.66666666666667,228,6,7,3,0.0730781836734516
"334",2021,"4513",26,"nodal_traits_a13f95b4",0.0463844904826581,0.0266696814392627,0.9130841964949,0.347068773351483,NA,NA,"left","Female-Juvenile",8,2009,2023,15,15,"Adult",8.75,6.25,228,6,0,1,-0.982495580498627
"335",2021,"5064",26,"nodal_traits_a13f95b4",0.0906845544312463,0.0427826748614839,1.9484188361699,0.627925112839586,0.229834791441368,0.106444854583338,"left","Female-Juvenile",3,2016,2023,8,8,"Adult",7,1,203,3,5,1,-0.982495580498627
"336",2021,"5068",26,"nodal_traits_a13f95b4",0.0622364680204139,0.033341000476668,1.16791127840705,0.366768805697234,0.154794197134037,0.106953034150306,"left","Male",5,2011,2021,11,13,"Adult",8.4,4.6,227,5,2,1,-0.982495580498627
"337",2021,"5078",26,"nodal_traits_a13f95b4",0.100046545601922,0.0510242202915968,2.03453303238634,0.571725317099611,0.240348711160354,0.0959251995074128,"left","Female-Juvenile",7,2010,2023,14,14,"Adult",9.71428571428571,4.28571428571429,203,7,5,1,-0.982495580498627
"338",2021,"5108",26,"nodal_traits_a13f95b4",0.0766030326795108,0.0316901555835189,1.89507113596649,0.461736504640444,0.23423431382148,0.0799510768310587,"left","Female-Juvenile",4,2011,2023,13,13,"Adult",9.75,3.25,203,2,5,2,-0.454708698412588
"339",2021,"5194",26,"nodal_traits_a13f95b4",0.281835239800121,0.148883710223003,3.203191636486,0.492626131630481,0.367398677756229,0.0656816432201237,"left","Male",6,2011,2021,11,13,"Adult",7.83333333333333,5.16666666666667,227,5,7,3,0.0730781836734516
"340",2021,"5199",26,"nodal_traits_a13f95b4",0.0590418119282738,0.0272393686033649,1.68601086590314,0.493564951054497,0.287227458901344,0.137862860893845,"left","Female-Juvenile",3,2011,2023,13,13,"Adult",10.3333333333333,2.66666666666667,205,2,3,1,-0.982495580498627
"341",2021,"54",26,"nodal_traits_a13f95b4",0.043941373754799,0.0206460014575432,0.89954698583617,0.33824720297121,0.103247103994102,0.103029885500715,"left","Female-Juvenile",7,1989,2021,33,35,"Adult",29,6,230,7,1,2,-0.454708698412588
"342",2021,"6102",26,"nodal_traits_a13f95b4",0.157917462405038,0.0639429254573134,1.90793837281125,0.414869861881058,0.191404861947985,0.0548466688671995,"left","Male",4,2015,2021,7,9,"Adult",5.75,3.25,227,2,6,2,-0.454708698412588
"343",2021,"6105",26,"nodal_traits_a13f95b4",0.482135401705706,0.108780638510706,3.81661255530025,0.479918975471192,0.210302430133979,0.0293343657027137,"left","Male",3,2015,2021,7,9,"Adult",5.33333333333333,3.66666666666667,198,3,16,7,2.18422571201761
"344",2021,"6113",26,"nodal_traits_a13f95b4",0.135709714499595,0.0487320282788948,1.48232191228751,0.341484217029772,0.224765506359779,0.0712015562696053,"left","Female-Juvenile",4,2015,2021,7,9,"Adult",5.75,3.25,198,3,4,5,1.12865194784553
"345",2021,"6115",26,"nodal_traits_a13f95b4",0.36164528725447,0.0755842825271869,3.21205829942976,0.507400436808374,0.288741815083079,0.0534103901287398,"left","Female-Juvenile",3,2015,2023,9,7,"Adult",7,0,199,3,9,4,0.600865065759491
"346",2021,"6122",26,"nodal_traits_a13f95b4",0.100771892965303,0.0443171717409197,1.45188763353592,0.499386255268952,0.134205280957396,0.0775655277043085,"left","Male",3,2015,2021,7,9,"Adult",6.33333333333333,2.66666666666667,229,2,4,1,-0.982495580498627
"347",2021,"6130",26,"nodal_traits_a13f95b4",0.988961131903159,0.0245091124245937,6.33824982730238,0.562801515476094,0.282624780821012,0.0273233162991595,"left","Female-Juvenile",5,2015,2021,7,9,"Adult",5.6,3.4,207,3,21,8,2.71201259410365
"348",2021,"6134",26,"nodal_traits_a13f95b4",0.05540716062837,0.0252615332660767,1.64142936001907,0.432180561634734,0.28839288766595,0.11932696519461,"left","Female-Juvenile",2,2015,2021,7,9,"Adult",6,3,210,2,3,2,-0.454708698412588
"349",2021,"6138",26,"nodal_traits_a13f95b4",0.0588972374265023,0.0270920072357931,1.69714710054334,0.553304623550108,0.272746775697392,0.15393863977654,"left","Male",2,2015,2021,7,9,"Adult",6,3,205,2,3,1,-0.982495580498627
"350",2021,"6140",26,"nodal_traits_a13f95b4",0.0711742410385856,0.0284797787283893,1.19365484044723,0.323058297273708,0.164082807205764,0.0743238446336295,"left","Female-Juvenile",4,2015,2023,9,9,"Adult",6.75,2.25,198,4,3,2,-0.454708698412588
"351",2021,"6141",26,"nodal_traits_a13f95b4",0.166044925713695,0.0624784726791819,1.8251895424756,0.4355714604132,0.178578763181411,0.061782074580489,"left","Female-Juvenile",4,2015,2023,9,9,"Adult",6.75,2.25,229,3,6,2,-0.454708698412588
"352",2021,"6201",26,"nodal_traits_a13f95b4",0.43509990582304,0.0844077218844804,2.53824711713678,0.428939365794652,0.317839627109649,0.0593550345184313,"left","Male",3,2016,2023,8,6,"Adult",6,0,206,3,6,5,1.12865194784553
"353",2021,"6208",26,"nodal_traits_a13f95b4",0.0642756045916225,0.0352470496711284,1.2119988108122,0.492620902502492,0.179064405102197,0.138619611561287,"left","Female-Juvenile",2,2016,2021,6,6,"Adult",5,1,199,2,2,1,-0.982495580498627
"354",2021,"6210",26,"nodal_traits_a13f95b4",0.149481193331613,0.0624849850465544,1.86583200375343,0.558150418636859,0.151565289418758,0.0622829747158529,"left","Male",4,2016,2023,8,8,"Adult",6.75,1.25,229,3,7,1,-0.982495580498627
"355",2021,"6246",26,"nodal_traits_a13f95b4",0.739275630006383,0.0887928149333151,3.76386306848746,0.421290048020011,0.295287682795279,0.0366232628427885,"left","Female-Juvenile",3,2019,2023,5,5,"Adult",5,0,228,3,11,6,1.65643882993157
"356",2021,"6415",26,"nodal_traits_a13f95b4",0.899073414667215,0.0843947860292262,5.12045322013975,0.497087549446496,0.333482654875094,0.0326135624926865,"left","Female-Juvenile",3,2019,2023,5,5,"Adult",5,0,229,3,14,8,2.71201259410365
"357",2021,"6427",26,"nodal_traits_a13f95b4",0.140470249692016,0.0447249832422904,1.75585439882967,0.343961389796575,0.193756735833331,0.0513329087489893,"left","Female-Juvenile",2,2019,2021,3,5,"Adult",4,1,200,2,6,4,0.600865065759491
"358",2021,"6431",26,"nodal_traits_a13f95b4",0.146516942792199,0.0448976663696645,1.63258008830648,0.392326733263366,0.221552447441608,0.084352718178257,"left","Female-Juvenile",3,2019,2023,5,5,"Adult",5,0,199,3,4,2,-0.454708698412588
"359",2021,"6441",26,"nodal_traits_a13f95b4",0.0691240910272208,0.0257505014470466,1.58040621335164,0.375153819926371,0.144666391892941,0.0478808138083516,"left","Female-Juvenile",3,2019,2023,5,5,"Adult",5,0,228,3,7,5,1.12865194784553
"360",2021,"6502",26,"nodal_traits_a13f95b4",0.0713398206617978,0.0300497569044391,1.35549288211898,0.390645121139032,0.118383936127796,0.0636223979400062,"left","Female-Juvenile",2,2021,2023,3,3,"Adult",4,-1,199,2,4,1,-0.982495580498627
"361",2021,"6513",26,"nodal_traits_a13f95b4",0.0449315740947564,0.0227272261567022,0.953709608528544,0.346510377895734,0.118375684653923,0.113166878353051,"left","Female-Juvenile",1,2021,2021,1,3,"Adult",3,0,200,1,1,2,-0.454708698412588
"362",2021,"6516",26,"nodal_traits_a13f95b4",0.116261920975128,0.036045445763209,1.8446618562223,0.373932962737133,0.37245939092041,0.10463153842635,"left","Male",2,2021,2023,3,3,"Adult",4,-1,203,2,3,3,0.0730781836734516
"363",2021,"6519",26,"nodal_traits_a13f95b4",0.0747381001567012,0.0331417423431712,1.12609372003836,0.31820985676596,0.149849613448907,0.0651713697732261,"left","Female-Juvenile",2,2021,2023,3,3,"Adult",4,-1,203,2,3,3,0.0730781836734516
"364",2021,"6534",26,"nodal_traits_a13f95b4",0.0787804097936929,0.0376144070029143,1.14614804442251,0.346327521520185,0.113786696476808,0.0600403831523608,"left","Male",1,2021,2021,1,3,"Adult",3,0,224,1,4,2,-0.454708698412588
"365",2021,"6536",26,"nodal_traits_a13f95b4",0.0621164574722475,0.0310067568406153,1.21152133408528,0.364188466233741,0.127247338016031,0.0698114188513588,"left","Male",1,2021,2021,1,3,"Adult",3,0,234,1,4,3,0.0730781836734516
"366",2021,"6537",26,"nodal_traits_a13f95b4",0.056069684957433,0.0231321353424211,1.39379937644091,0.336291330314264,0.192355141780741,0.0684482111256218,"left","Female-Juvenile",1,2021,2021,1,3,"Adult",3,0,227,1,4,4,0.600865065759491
"367",2021,"6543",26,"nodal_traits_a13f95b4",0.275134672740216,0.0738274241474589,2.09612526388804,0.419178988193028,0.182167000741388,0.0435614985148539,"left","Female-Juvenile",2,2021,2023,3,3,"Adult",4,-1,231,2,8,4,0.600865065759491
"368",2021,"6555",26,"nodal_traits_a13f95b4",0.594892029492761,0.101420578099198,3.55485655463584,0.479262259170957,0.257431406555132,0.0373655210351159,"left","Female-Juvenile",2,2021,2023,3,3,"Adult",4,-1,228,2,12,7,2.18422571201761
"369",2021,"6563",26,"nodal_traits_a13f95b4",0.17272119106245,0.0541949416245518,1.70505330366086,0.436993180553102,0.166277296061234,0.0528327856950475,"left","Female-Juvenile",2,2021,2023,3,3,"Adult",4,-1,231,2,6,3,0.0730781836734516
"370",2021,"6565",26,"nodal_traits_a13f95b4",0.0349515949298166,0.0162476676881,0.689134287262344,0.208566601532898,NA,NA,"left","Female-Juvenile",1,2021,2021,1,3,"Adult",3,0,231,1,0,3,0.0730781836734516
"371",2021,"6568",26,"nodal_traits_a13f95b4",0.522573638721334,0.0730746083853406,3.36898670019847,0.360871435118675,0.259751990429234,0.0329818426031071,"left","Female-Juvenile",1,2021,2021,1,3,"Adult",3,0,229,1,11,6,1.65643882993157
"372",2021,"832",26,"nodal_traits_a13f95b4",0.0570901237218403,0.0241569588308185,1.41061889416388,0.374384519563205,0.190098613287947,0.0840521323417499,"left","Female-Juvenile",8,1994,2023,30,30,"Adult",22,8,227,8,4,4,0.600865065759491
"373",2021,"961",26,"nodal_traits_a13f95b4",0.316547154633814,0.148026747618144,2.97040971917155,0.658659724987222,0.244883565706956,0.0701617027205791,"left","Female-Juvenile",6,1997,2023,27,27,"Adult",19.8333333333333,7.16666666666667,228,5,9,2,-0.454708698412588
"374",2023,"162",27,"nodal_traits_6f55e623",0.213264275573047,0.125105192867379,2.36087925581748,0.646269146399235,0.374199568165386,0.123257376484155,"left","Female-Juvenile",5,1989,2023,35,37,"Adult",31.4,5.6,227,5,4,2,-0.331720990581028
"375",2023,"1739",27,"nodal_traits_6f55e623",0.171745371143283,0.0882151556038002,2.8683601700921,0.779163709316452,0.384126852992598,0.141909792418478,"left","Male",7,2001,2023,23,25,"Adult",15.7142857142857,9.28571428571429,237,5,5,1,-1.0307045064482
"376",2023,"409",27,"nodal_traits_6f55e623",0.119367966068019,0.0458242516459682,1.90068391836411,0.413711101182083,0.341136074224202,0.105358406710489,"left","Female-Juvenile",6,1996,2023,28,30,"Adult",22.3333333333333,7.66666666666667,228,6,3,2,-0.331720990581028
"377",2023,"4513",27,"nodal_traits_6f55e623",0.221388505743359,0.106023679503527,2.56517434511389,0.474883868703943,0.381060886806097,0.0791385361361324,"left","Female-Juvenile",8,2009,2023,15,17,"Adult",8.75,8.25,228,6,5,4,1.06624604115331
"378",2023,"5003",27,"nodal_traits_6f55e623",0.181597856412783,0.0897711443858219,3.0117186334611,0.787790910562093,0.39371795833354,0.130854696728503,"left","Male",7,2010,2023,14,16,"Adult",8.85714285714286,7.14285714285714,237,6,5,1,-1.0307045064482
"379",2023,"5064",27,"nodal_traits_6f55e623",0.169214916288126,0.0687546183388475,2.49403959392074,0.518616604163801,0.431373983110873,0.100300345431073,"left","Female-Juvenile",3,2016,2023,8,10,"Adult",7,3,230,3,4,3,0.367262525286139
"380",2023,"5078",27,"nodal_traits_6f55e623",0.0781272995531573,0.0376008621309012,1.07759711712978,0.372053128284937,NA,NA,"left","Female-Juvenile",7,2010,2023,14,16,"Adult",9.71428571428571,6.28571428571429,228,7,0,1,-1.0307045064482
"381",2023,"5108",27,"nodal_traits_6f55e623",0.261367237689686,0.138610685273945,3.32262109398304,0.583186079102819,0.397334732901439,0.0789043095720273,"left","Female-Juvenile",4,2011,2023,13,15,"Adult",9.75,5.25,232,2,6,2,-0.331720990581028
"382",2023,"5199",27,"nodal_traits_6f55e623",0.181728365301158,0.0783370461474056,2.06359763068025,0.437143090906009,0.302620219619734,0.0691507593861565,"left","Female-Juvenile",3,2011,2023,13,15,"Adult",10.3333333333333,4.66666666666667,225,2,4,2,-0.331720990581028
"383",2023,"6112",27,"nodal_traits_6f55e623",0.171135259295375,0.0874684004837068,2.89263189575277,0.688334176271295,0.393656059058204,0.113609020786985,"left","Male",3,2015,2023,9,11,"Adult",6,5,237,3,5,1,-1.0307045064482
"384",2023,"6115",27,"nodal_traits_6f55e623",0.316227427003154,0.172080886925102,3.50709158999923,0.543778210648957,0.320629968907676,0.0593541458423377,"left","Female-Juvenile",3,2015,2023,9,9,"Adult",7,2,232,3,9,4,1.06624604115331
"385",2023,"6140",27,"nodal_traits_6f55e623",0.580164911773761,0.103056103418618,3.89248820119073,0.59249108828198,0.299115614817412,0.0493307128687031,"left","Female-Juvenile",4,2015,2023,9,11,"Adult",6.75,4.25,236,4,11,4,1.06624604115331
"386",2023,"6141",27,"nodal_traits_6f55e623",0.071339560095235,0.0408938550057586,0.992634850193938,0.407895487078638,NA,NA,"left","Female-Juvenile",4,2015,2023,9,11,"Adult",6.75,4.25,236,3,0,1,-1.0307045064482
"387",2023,"6145",27,"nodal_traits_6f55e623",0.122686540531145,0.050195187224608,1.63532915306547,0.497948640935256,0.178960305954505,0.0825158504301321,"left","Female-Juvenile",2,2015,2023,9,9,"Adult",7,2,232,2,4,1,-1.0307045064482
"388",2023,"6201",27,"nodal_traits_6f55e623",0.0736180027108498,0.035041931634834,1.06132263724195,0.467673028611504,NA,NA,"left","Male",3,2016,2023,8,8,"Adult",6,2,237,3,0,1,-1.0307045064482
"389",2023,"6210",27,"nodal_traits_6f55e623",0.184878017914782,0.0947824900443424,3.43038565759138,0.857104655150237,0.291460757699536,0.0829042226364917,"left","Male",4,2016,2023,8,10,"Adult",6.75,3.25,237,3,9,2,-0.331720990581028
"390",2023,"6211",27,"nodal_traits_6f55e623",0.106874902986548,0.0501318917167468,1.67562778760047,0.540122385737102,0.311147186631567,0.181616739513647,"left","Female-Juvenile",3,2016,2023,8,10,"Adult",6.33333333333333,3.66666666666667,228,3,2,1,-1.0307045064482
"391",2023,"6215",27,"nodal_traits_6f55e623",0.622693383079268,0.196064834491457,5.86234785216244,0.725239573236062,0.33124544510891,0.0420651115354269,"left","Female-Juvenile",2,2016,2023,8,8,"Adult",6,2,237,2,16,4,1.06624604115331
"392",2023,"6220",27,"nodal_traits_6f55e623",0.259698528630246,0.0782508289157833,2.60653317862436,0.495484423771617,0.212525530494308,0.0538811584113873,"left","Male",2,2016,2023,8,10,"Adult",6.5,3.5,237,2,9,3,0.367262525286139
"393",2023,"6246",27,"nodal_traits_6f55e623",0.273708394645376,0.077935952812063,2.0787382372101,0.534757419369335,0.386189502664146,0.111220024879467,"left","Female-Juvenile",3,2019,2023,5,7,"Adult",5,2,236,3,3,2,-0.331720990581028
"394",2023,"6415",27,"nodal_traits_6f55e623",0.507752815147086,0.120364587208677,3.6681419330595,0.585364367183362,0.286134219875655,0.0484990257963434,"left","Female-Juvenile",3,2019,2023,5,7,"Adult",5,2,237,3,11,6,2.46421307288764
"395",2023,"6421",27,"nodal_traits_6f55e623",0.625982351056124,0.102066048555894,4.1786624393606,0.585546243438863,0.510426343676388,0.0785896763053197,"left","Male",2,2019,2023,5,7,"Adult",5,2,229,2,7,4,1.06624604115331
"396",2023,"6431",27,"nodal_traits_6f55e623",0.154228140313045,0.0643062004921937,2.32899920522953,0.640271378222854,0.280480446996041,0.0989523496830304,"left","Female-Juvenile",3,2019,2023,5,7,"Adult",5,2,225,3,5,1,-1.0307045064482
"397",2023,"6441",27,"nodal_traits_6f55e623",0.175670338437896,0.0971212005913774,2.96660597761153,0.833849740479674,0.385001804869419,0.124620879141746,"left","Female-Juvenile",3,2019,2023,5,7,"Adult",5,2,237,3,5,1,-1.0307045064482
"398",2023,"6502",27,"nodal_traits_6f55e623",0.0695602777853795,0.0338927424055328,1.02460204619228,0.372084856087632,0.180351841251166,0.169639650498714,"left","Female-Juvenile",2,2021,2023,3,5,"Adult",4,1,235,2,1,2,-0.331720990581028
"399",2023,"6516",27,"nodal_traits_6f55e623",0.497450046652915,0.0948783213926782,3.34260128808926,0.557484240423045,0.43941519484595,0.0761627685174266,"left","Male",2,2021,2023,3,5,"Adult",4,1,236,2,6,3,0.367262525286139
"400",2023,"6519",27,"nodal_traits_6f55e623",0.324995705487634,0.142108277004075,4.47965536200543,0.534968973253562,0.427574133548999,0.0502237537675592,"left","Female-Juvenile",2,2021,2023,3,5,"Adult",4,1,227,2,9,4,1.06624604115331
"401",2023,"6527",27,"nodal_traits_6f55e623",0.510443892343118,0.234446940225293,5.01557763317243,0.644091817762369,0.442952973607036,0.0633967045454843,"left","Female-Juvenile",1,2021,2023,3,3,"Adult",3,0,225,1,10,4,1.06624604115331
"402",2023,"6540",27,"nodal_traits_6f55e623",0.189386366666925,0.0808896553802966,2.87572902055674,0.698447613132584,0.301721004268491,0.078929408628492,"left","Female-Juvenile",1,2023,2023,1,3,"Adult",3,0,228,1,7,2,-0.331720990581028
"403",2023,"6543",27,"nodal_traits_6f55e623",0.217309446488501,0.0794593304540793,2.09401066920673,0.490642669018371,0.449591258544057,0.109466633749869,"left","Female-Juvenile",2,2021,2023,3,5,"Adult",4,1,228,2,3,3,0.367262525286139
"404",2023,"6555",27,"nodal_traits_6f55e623",0.707345903156369,0.147505574770365,4.86621766922666,0.554998036603944,0.358952955951375,0.0452958894476036,"left","Female-Juvenile",2,2021,2023,3,5,"Adult",4,1,228,2,12,5,1.76522955702047
"405",2023,"6561",27,"nodal_traits_6f55e623",0.160996314160547,0.0594653804892422,1.75314940536419,0.42323723566635,0.311834183796157,0.10173614753727,"left","Female-Juvenile",1,2023,2023,1,3,"Adult",3,0,225,1,3,2,-0.331720990581028
"406",2023,"6563",27,"nodal_traits_6f55e623",0.369479418748781,0.0889337901822009,3.58994433544382,0.665425886199225,0.196584062870308,0.0415647582911156,"left","Female-Juvenile",2,2021,2023,3,5,"Adult",4,1,237,2,15,3,0.367262525286139
"407",2023,"6601",27,"nodal_traits_6f55e623",0.789112725135562,0.103486607004223,5.52418691924877,0.559725821438195,0.31344782474825,0.0330078785934362,"left","Female-Juvenile",1,2023,2023,1,3,"Adult",3,0,227,1,16,6,2.46421307288764
"408",2023,"6602",27,"nodal_traits_6f55e623",0.416200956782204,0.0903412724230816,3.1259676288315,0.563771411783711,0.227380427121378,0.045536709559262,"left","Female-Juvenile",1,2023,2023,1,3,"Adult",3,0,238,1,11,3,0.367262525286139
"409",2023,"6603",27,"nodal_traits_6f55e623",0.594813316275582,0.0923781804972689,3.49163491513545,0.499589220853804,0.403948837140428,0.0569121732521619,"left","Female-Juvenile",1,2023,2023,1,3,"Adult",3,0,237,1,7,4,1.06624604115331
"410",2023,"6629",27,"nodal_traits_6f55e623",0.150063706302194,0.0567275663118337,2.27306012164328,0.606401418366794,0.267480312301215,0.0981414771072482,"left","Female-Juvenile",1,2023,2023,1,3,"Adult",3,0,225,1,5,1,-1.0307045064482
"411",2023,"6631",27,"nodal_traits_6f55e623",0.0652623898756837,0.0362517328386843,0.953450413506843,0.341851067816131,0.158686300705343,0.168789993367527,"left","Male",1,2023,2023,1,3,"Adult",3,0,237,1,1,3,0.367262525286139
"412",2023,"6640",27,"nodal_traits_6f55e623",0.490056508923476,0.0842600410024245,3.14056990239667,0.493932542263365,0.618757026963622,0.100512378916544,"left","Female-Juvenile",1,2023,2023,1,3,"Adult",3,0,235,1,4,4,1.06624604115331
"413",2023,"6673",27,"nodal_traits_6f55e623",0.140182319257508,0.0483473270554239,1.57476498421658,0.416882705709986,0.163981545351008,0.0680479252060761,"left","Female-Juvenile",1,2023,2023,1,3,"Adult",3,0,235,1,5,2,-0.331720990581028
"414",2023,"832",27,"nodal_traits_6f55e623",0.120005273666039,0.0485359404710908,2.18326193206074,0.544411740224724,0.315038124181106,0.0988165768389768,"left","Female-Juvenile",8,1994,2023,30,32,"Adult",22,10,232,8,4,2,-0.331720990581028
"415",2023,"961",27,"nodal_traits_6f55e623",0.111722841597661,0.050786823102024,1.90300510921227,0.466756507588502,0.250706027126357,0.100665696177398,"left","Female-Juvenile",6,1997,2023,27,29,"Adult",19.8333333333333,9.16666666666667,228,5,4,1,-1.0307045064482
